model,feature_set,fold,roc_auc,pr_auc,f1,precision,recall,specificity,false_alarm_rate,brier,gkf_train_val_disjoint
LogReg,Original_6,1,0.4000000000000001,0.49428571428571433,0.25,0.3333333333333333,0.2,0.6,0.4,0.2806257009073817,True
LogReg,Original_6,2,0.52,0.5533333333333332,0.6,0.6,0.6,0.6,0.4,0.3213892526297152,True
LogReg,Original_6,3,0.52,0.5311111111111111,0.6,0.6,0.6,0.6,0.4,0.3297121966424514,True
LogReg,Original_6,4,0.5599999999999999,0.6644444444444444,0.2857142857142857,0.5,0.2,0.8,0.2,0.24808234842699242,True
LogReg,Original_6,5,0.3600000000000001,0.5972222222222221,0.4,0.4,0.4,0.4,0.6,0.2825515727464197,True
LogReg,SPC_Fast_14,1,0.36,0.4755555555555555,0.4444444444444444,0.5,0.4,0.6,0.4,0.32221513726640516,True
LogReg,SPC_Fast_14,2,0.7600000000000001,0.8599999999999999,0.6666666666666666,0.75,0.6,0.8,0.2,0.24410812902095486,True
LogReg,SPC_Fast_14,3,0.64,0.6116666666666666,0.6,0.6,0.6,0.6,0.4,0.29607157749951485,True
LogReg,SPC_Fast_14,4,0.76,0.8444444444444443,0.6,0.6,0.6,0.6,0.4,0.2056259091730098,True
LogReg,SPC_Fast_14,5,0.6000000000000001,0.6726190476190477,0.5454545454545454,0.5,0.6,0.4,0.6,0.3075330319680249,True
