roc_auc,pr_auc,f1,precision,recall,specificity,false_alarm_rate,brier,fold,model,n_val,feature_set,gkf_train_val_disjoint
0.4000000000000001,0.49428571428571433,0.25,0.3333333333333333,0.2,0.6,0.4,0.2806257009073817,1,LogReg,10,Original_6,True
0.52,0.5533333333333332,0.6,0.6,0.6,0.6,0.4,0.3213892526297152,2,LogReg,10,Original_6,True
0.52,0.5311111111111111,0.6,0.6,0.6,0.6,0.4,0.3297121966424514,3,LogReg,10,Original_6,True
0.5599999999999999,0.6644444444444444,0.2857142857142857,0.5,0.2,0.8,0.2,0.24808234842699242,4,LogReg,10,Original_6,True
0.3600000000000001,0.5972222222222221,0.4,0.4,0.4,0.4,0.6,0.2825515727464197,5,LogReg,10,Original_6,True
0.48,0.6422222222222222,0.5,0.6666666666666666,0.4,0.8,0.2,0.331165900242143,1,RandomForest,10,Original_6,True
0.7200000000000002,0.81,0.8,0.8,0.8,0.8,0.2,0.216285980334442,2,RandomForest,10,Original_6,True
0.36,0.48571428571428565,0.4444444444444444,0.5,0.4,0.6,0.4,0.3713485542657635,3,RandomForest,10,Original_6,True
0.6399999999999999,0.8,0.75,1.0,0.6,1.0,0.0,0.21736675648211837,4,RandomForest,10,Original_6,True
0.52,0.5311111111111111,0.6666666666666666,0.5714285714285714,0.8,0.4,0.6,0.26131400531961446,5,RandomForest,10,Original_6,True
0.6000000000000001,0.6644444444444444,0.7272727272727273,0.6666666666666666,0.8,0.6,0.4,0.24503247929488653,1,SVM_LinearCalib,10,Original_6,True
0.52,0.5833333333333334,0.6153846153846154,0.5,0.8,0.2,0.8,0.26850056042173237,2,SVM_LinearCalib,10,Original_6,True
0.52,0.5311111111111111,0.6,0.6,0.6,0.6,0.4,0.26385852488419725,3,SVM_LinearCalib,10,Original_6,True
0.56,0.6833333333333333,0.5,0.6666666666666666,0.4,0.8,0.2,0.24826493942212974,4,SVM_LinearCalib,10,Original_6,True
0.6399999999999999,0.8,0.0,0.0,0.0,1.0,0.0,0.2492745853679185,5,SVM_LinearCalib,10,Original_6,True
0.36,0.4755555555555555,0.4444444444444444,0.5,0.4,0.6,0.4,0.32221513726640516,1,LogReg,10,SPC_Fast_14,True
0.7600000000000001,0.8599999999999999,0.6666666666666666,0.75,0.6,0.8,0.2,0.24410812902095486,2,LogReg,10,SPC_Fast_14,True
0.64,0.6116666666666666,0.6,0.6,0.6,0.6,0.4,0.29607157749951485,3,LogReg,10,SPC_Fast_14,True
0.76,0.8444444444444443,0.6,0.6,0.6,0.6,0.4,0.2056259091730098,4,LogReg,10,SPC_Fast_14,True
0.6000000000000001,0.6726190476190477,0.5454545454545454,0.5,0.6,0.4,0.6,0.3075330319680249,5,LogReg,10,SPC_Fast_14,True
0.56,0.72,0.5,0.6666666666666666,0.4,0.8,0.2,0.2953995088756428,1,RandomForest,10,SPC_Fast_14,True
0.92,0.9266666666666665,0.8,0.8,0.8,0.8,0.2,0.14194407748823296,2,RandomForest,10,SPC_Fast_14,True
0.56,0.5787301587301588,0.2857142857142857,0.5,0.2,0.8,0.2,0.3164686297558801,3,RandomForest,10,SPC_Fast_14,True
0.76,0.7683333333333333,0.6666666666666666,0.75,0.6,0.8,0.2,0.20756311830451374,4,RandomForest,10,SPC_Fast_14,True
0.68,0.7116666666666667,0.7692307692307693,0.625,1.0,0.4,0.6,0.22521760535635554,5,RandomForest,10,SPC_Fast_14,True
0.4800000000000001,0.5476190476190476,0.4444444444444444,0.5,0.4,0.6,0.4,0.25246287371160336,1,SVM_LinearCalib,10,SPC_Fast_14,True
0.44000000000000006,0.5942857142857143,0.5714285714285714,0.4444444444444444,0.8,0.0,1.0,0.25018210422013426,2,SVM_LinearCalib,10,SPC_Fast_14,True
0.52,0.6342857142857143,0.5714285714285714,0.4444444444444444,0.8,0.0,1.0,0.2514059633081285,3,SVM_LinearCalib,10,SPC_Fast_14,True
0.44,0.5053968253968254,0.5454545454545454,0.5,0.6,0.4,0.6,0.2494065104401359,4,SVM_LinearCalib,10,SPC_Fast_14,True
0.56,0.6587301587301588,0.5454545454545454,0.5,0.6,0.4,0.6,0.24390402468038327,5,SVM_LinearCalib,10,SPC_Fast_14,True
