feature,coefficient_scaled_space,abs_coef,intercept
max_cusum_neg,-0.8518005293595808,0.8518005293595808,-0.0840863287057432
rr_cv,0.5294663026578212,0.5294663026578212,-0.0840863287057432
median_rmssd,-0.28810911713106596,0.28810911713106596,-0.0840863287057432
rr_masd_over_mean,0.24663978923791913,0.24663978923791913,-0.0840863287057432
alarm_events,0.2069512375887557,0.2069512375887557,-0.0840863287057432
final_cusum_neg,-0.2054056402359506,0.2054056402359506,-0.0840863287057432
median_z,-0.13987133237181695,0.13987133237181695,-0.0840863287057432
segment_rr_mad_ms,0.08504723190820974,0.08504723190820974,-0.0840863287057432
max_cusum,-0.08329429637952852,0.08329429637952852,-0.0840863287057432
max_cusum_pos,-0.08276771355466701,0.08276771355466701,-0.0840863287057432
final_cusum_pos,-0.07844739231511151,0.07844739231511151,-0.0840863287057432
final_cusum,-0.07774425726448535,0.07774425726448535,-0.0840863287057432
pct_alarm_sustained,0.06005394420554281,0.06005394420554281,-0.0840863287057432
subwindow_sqi_good_frac,0.0,0.0,-0.0840863287057432
