record_id,pair_id,y,task
p01,0,0,far_vs_preonset_p30min
p02,0,1,far_vs_preonset_p30min
p03,1,0,far_vs_preonset_p30min
p04,1,1,far_vs_preonset_p30min
p05,2,0,far_vs_preonset_p30min
p06,2,1,far_vs_preonset_p30min
p07,3,0,far_vs_preonset_p30min
p08,3,1,far_vs_preonset_p30min
p09,4,0,far_vs_preonset_p30min
p10,4,1,far_vs_preonset_p30min
p11,5,0,far_vs_preonset_p30min
p12,5,1,far_vs_preonset_p30min
p13,6,0,far_vs_preonset_p30min
p14,6,1,far_vs_preonset_p30min
p15,7,0,far_vs_preonset_p30min
p16,7,1,far_vs_preonset_p30min
p17,8,0,far_vs_preonset_p30min
p18,8,1,far_vs_preonset_p30min
p19,9,0,far_vs_preonset_p30min
p20,9,1,far_vs_preonset_p30min
p21,10,0,far_vs_preonset_p30min
p22,10,1,far_vs_preonset_p30min
p23,11,0,far_vs_preonset_p30min
p24,11,1,far_vs_preonset_p30min
p25,12,0,far_vs_preonset_p30min
p26,12,1,far_vs_preonset_p30min
p27,13,0,far_vs_preonset_p30min
p28,13,1,far_vs_preonset_p30min
p29,14,0,far_vs_preonset_p30min
p30,14,1,far_vs_preonset_p30min
p31,15,0,far_vs_preonset_p30min
p32,15,1,far_vs_preonset_p30min
p33,16,0,far_vs_preonset_p30min
p34,16,1,far_vs_preonset_p30min
p35,17,0,far_vs_preonset_p30min
p36,17,1,far_vs_preonset_p30min
p37,18,0,far_vs_preonset_p30min
p38,18,1,far_vs_preonset_p30min
p39,19,0,far_vs_preonset_p30min
p40,19,1,far_vs_preonset_p30min
p41,20,0,far_vs_preonset_p30min
p42,20,1,far_vs_preonset_p30min
p43,21,0,far_vs_preonset_p30min
p44,21,1,far_vs_preonset_p30min
p45,22,0,far_vs_preonset_p30min
p46,22,1,far_vs_preonset_p30min
p47,23,0,far_vs_preonset_p30min
p48,23,1,far_vs_preonset_p30min
p49,24,0,far_vs_preonset_p30min
p50,24,1,far_vs_preonset_p30min
