record_id,subject_pair_group,y,task
p01,0,1,PAF_vs_noPAF_subject_discrimination
p02,0,1,PAF_vs_noPAF_subject_discrimination
p03,1,1,PAF_vs_noPAF_subject_discrimination
p04,1,1,PAF_vs_noPAF_subject_discrimination
p05,2,1,PAF_vs_noPAF_subject_discrimination
p06,2,1,PAF_vs_noPAF_subject_discrimination
p07,3,1,PAF_vs_noPAF_subject_discrimination
p08,3,1,PAF_vs_noPAF_subject_discrimination
p09,4,1,PAF_vs_noPAF_subject_discrimination
p10,4,1,PAF_vs_noPAF_subject_discrimination
p11,5,1,PAF_vs_noPAF_subject_discrimination
p12,5,1,PAF_vs_noPAF_subject_discrimination
p13,6,1,PAF_vs_noPAF_subject_discrimination
p14,6,1,PAF_vs_noPAF_subject_discrimination
p15,7,1,PAF_vs_noPAF_subject_discrimination
p16,7,1,PAF_vs_noPAF_subject_discrimination
p17,8,1,PAF_vs_noPAF_subject_discrimination
p18,8,1,PAF_vs_noPAF_subject_discrimination
p19,9,1,PAF_vs_noPAF_subject_discrimination
p20,9,1,PAF_vs_noPAF_subject_discrimination
p21,10,1,PAF_vs_noPAF_subject_discrimination
p22,10,1,PAF_vs_noPAF_subject_discrimination
p23,11,1,PAF_vs_noPAF_subject_discrimination
p24,11,1,PAF_vs_noPAF_subject_discrimination
p25,12,1,PAF_vs_noPAF_subject_discrimination
p26,12,1,PAF_vs_noPAF_subject_discrimination
p27,13,1,PAF_vs_noPAF_subject_discrimination
p28,13,1,PAF_vs_noPAF_subject_discrimination
p29,14,1,PAF_vs_noPAF_subject_discrimination
p30,14,1,PAF_vs_noPAF_subject_discrimination
p31,15,1,PAF_vs_noPAF_subject_discrimination
p32,15,1,PAF_vs_noPAF_subject_discrimination
p33,16,1,PAF_vs_noPAF_subject_discrimination
p34,16,1,PAF_vs_noPAF_subject_discrimination
p35,17,1,PAF_vs_noPAF_subject_discrimination
p36,17,1,PAF_vs_noPAF_subject_discrimination
p37,18,1,PAF_vs_noPAF_subject_discrimination
p38,18,1,PAF_vs_noPAF_subject_discrimination
p39,19,1,PAF_vs_noPAF_subject_discrimination
p40,19,1,PAF_vs_noPAF_subject_discrimination
p41,20,1,PAF_vs_noPAF_subject_discrimination
p42,20,1,PAF_vs_noPAF_subject_discrimination
p43,21,1,PAF_vs_noPAF_subject_discrimination
p44,21,1,PAF_vs_noPAF_subject_discrimination
p45,22,1,PAF_vs_noPAF_subject_discrimination
p46,22,1,PAF_vs_noPAF_subject_discrimination
p47,23,1,PAF_vs_noPAF_subject_discrimination
p48,23,1,PAF_vs_noPAF_subject_discrimination
p49,24,1,PAF_vs_noPAF_subject_discrimination
p50,24,1,PAF_vs_noPAF_subject_discrimination
n01,0,0,PAF_vs_noPAF_subject_discrimination
n02,0,0,PAF_vs_noPAF_subject_discrimination
n03,1,0,PAF_vs_noPAF_subject_discrimination
n04,1,0,PAF_vs_noPAF_subject_discrimination
n05,2,0,PAF_vs_noPAF_subject_discrimination
n06,2,0,PAF_vs_noPAF_subject_discrimination
n07,3,0,PAF_vs_noPAF_subject_discrimination
n08,3,0,PAF_vs_noPAF_subject_discrimination
n09,4,0,PAF_vs_noPAF_subject_discrimination
n10,4,0,PAF_vs_noPAF_subject_discrimination
n11,5,0,PAF_vs_noPAF_subject_discrimination
n12,5,0,PAF_vs_noPAF_subject_discrimination
n13,6,0,PAF_vs_noPAF_subject_discrimination
n14,6,0,PAF_vs_noPAF_subject_discrimination
n15,7,0,PAF_vs_noPAF_subject_discrimination
n16,7,0,PAF_vs_noPAF_subject_discrimination
n17,8,0,PAF_vs_noPAF_subject_discrimination
n18,8,0,PAF_vs_noPAF_subject_discrimination
n19,9,0,PAF_vs_noPAF_subject_discrimination
n20,9,0,PAF_vs_noPAF_subject_discrimination
n21,10,0,PAF_vs_noPAF_subject_discrimination
n22,10,0,PAF_vs_noPAF_subject_discrimination
n23,11,0,PAF_vs_noPAF_subject_discrimination
n24,11,0,PAF_vs_noPAF_subject_discrimination
n25,12,0,PAF_vs_noPAF_subject_discrimination
n26,12,0,PAF_vs_noPAF_subject_discrimination
n27,13,0,PAF_vs_noPAF_subject_discrimination
n28,13,0,PAF_vs_noPAF_subject_discrimination
n29,14,0,PAF_vs_noPAF_subject_discrimination
n30,14,0,PAF_vs_noPAF_subject_discrimination
n31,15,0,PAF_vs_noPAF_subject_discrimination
n32,15,0,PAF_vs_noPAF_subject_discrimination
n33,16,0,PAF_vs_noPAF_subject_discrimination
n34,16,0,PAF_vs_noPAF_subject_discrimination
n35,17,0,PAF_vs_noPAF_subject_discrimination
n36,17,0,PAF_vs_noPAF_subject_discrimination
n37,18,0,PAF_vs_noPAF_subject_discrimination
n38,18,0,PAF_vs_noPAF_subject_discrimination
n39,19,0,PAF_vs_noPAF_subject_discrimination
n40,19,0,PAF_vs_noPAF_subject_discrimination
n41,20,0,PAF_vs_noPAF_subject_discrimination
n42,20,0,PAF_vs_noPAF_subject_discrimination
n43,21,0,PAF_vs_noPAF_subject_discrimination
n44,21,0,PAF_vs_noPAF_subject_discrimination
n45,22,0,PAF_vs_noPAF_subject_discrimination
n46,22,0,PAF_vs_noPAF_subject_discrimination
n47,23,0,PAF_vs_noPAF_subject_discrimination
n48,23,0,PAF_vs_noPAF_subject_discrimination
n49,24,0,PAF_vs_noPAF_subject_discrimination
n50,24,0,PAF_vs_noPAF_subject_discrimination
