roc_auc,pr_auc,f1,precision,recall,specificity,false_alarm_rate,brier,fold,model,n_val,analysis
0.62,0.6273412698412698,0.47058823529411764,0.5714285714285714,0.4,0.7,0.3,0.2839516605046585,1,LogReg,20,secondary_PAF_vs_noPAF_SPC14
0.71,0.6248260073260073,0.782608695652174,0.6923076923076923,0.9,0.6,0.4,0.20891295994088893,2,LogReg,20,secondary_PAF_vs_noPAF_SPC14
0.77,0.7599891774891774,0.631578947368421,0.6666666666666666,0.6,0.7,0.3,0.20111401473561705,3,LogReg,20,secondary_PAF_vs_noPAF_SPC14
0.8,0.7869444444444443,0.75,0.6428571428571429,0.9,0.5,0.5,0.1977062710800732,4,LogReg,20,secondary_PAF_vs_noPAF_SPC14
0.83,0.8391117216117215,0.75,0.6428571428571429,0.9,0.5,0.5,0.17942018152755834,5,LogReg,20,secondary_PAF_vs_noPAF_SPC14
0.66,0.60243672993673,0.47058823529411764,0.5714285714285714,0.4,0.7,0.3,0.2954659871530919,1,RandomForest,20,secondary_PAF_vs_noPAF_SPC14
0.73,0.8177272727272727,0.7272727272727273,0.6666666666666666,0.8,0.6,0.4,0.2201178264383022,2,RandomForest,20,secondary_PAF_vs_noPAF_SPC14
0.72,0.6455939811822166,0.5882352941176471,0.7142857142857143,0.5,0.8,0.2,0.23460385184314206,3,RandomForest,20,secondary_PAF_vs_noPAF_SPC14
0.61,0.629380888719124,0.6086956521739131,0.5384615384615384,0.7,0.4,0.6,0.24306074896452162,4,RandomForest,20,secondary_PAF_vs_noPAF_SPC14
0.62,0.6564850427350426,0.631578947368421,0.6666666666666666,0.6,0.7,0.3,0.2718118602467309,5,RandomForest,20,secondary_PAF_vs_noPAF_SPC14
0.7,0.6724891774891774,0.26666666666666666,0.4,0.2,0.7,0.3,0.24245826484569402,1,SVM_LinearCalib,20,secondary_PAF_vs_noPAF_SPC14
0.79,0.7852272727272727,0.7,0.7,0.7,0.7,0.3,0.18489021867128486,2,SVM_LinearCalib,20,secondary_PAF_vs_noPAF_SPC14
0.76,0.72409048467872,0.5,0.6666666666666666,0.4,0.8,0.2,0.22314818894264793,3,SVM_LinearCalib,20,secondary_PAF_vs_noPAF_SPC14
0.8300000000000001,0.8284908065790417,0.7272727272727273,0.6666666666666666,0.8,0.6,0.4,0.19870224442678425,4,SVM_LinearCalib,20,secondary_PAF_vs_noPAF_SPC14
0.76,0.7911363636363635,0.7407407407407407,0.5882352941176471,1.0,0.3,0.7,0.21692643433381692,5,SVM_LinearCalib,20,secondary_PAF_vs_noPAF_SPC14
