record_id,alarm_events,pct_alarm_sustained,max_cusum,final_cusum,median_rmssd,median_z,subwindow_sqi_good_frac,max_cusum_pos,max_cusum_neg,final_cusum_pos,final_cusum_neg,rr_cv,rr_masd_over_mean,segment_rr_mad_ms,pair_id,y
p01,1,1.0,1082.8885456274722,1082.516870889044,15.115905031981956,-0.3285317434530739,1.0,1082.8885456274722,9.80875471610041,1082.516870889044,0.0,0.06136164822858783,0.025649119980004166,15.625,0,0
p02,1,0.7333333333333333,4797.417865758553,4797.417865758553,13.385499605630955,1.2774432530812008,1.0,4797.417865758553,4.217687657491676,4797.417865758553,0.0,0.10609662016050865,0.08062248721244797,7.8125,0,1
p03,1,0.9666666666666667,898.5116519757194,889.8566006979705,7.812057853923068,-0.13772687027488542,1.0,898.5116519757194,3.2364464140702873,889.8566006979705,3.0301205468449557,0.083259291404196,0.01818572549307585,7.8125,1,0
p04,1,0.9833333333333333,1837.280593131308,1837.280593131308,10.024137371883668,-0.43398255578270695,1.0,1837.280593131308,10.14662390669423,1837.280593131308,0.0,0.09167198969802352,0.019550978552346228,7.8125,1,1
p05,1,0.5666666666666667,63.34750091864927,61.703051911469565,13.623387963988508,0.9758809886912342,1.0,63.34750091864927,2.445822292579442,61.703051911469565,0.0,0.019853026687605073,0.018967355281783036,7.8125,2,0
p06,1,0.7833333333333333,867.3168170202873,867.3168170202873,13.094323291141938,3.6905262021519514,1.0,867.3168170202873,3.0981303162678944,867.3168170202873,0.0,0.06868069345679083,0.028902886352210583,15.625,2,1
p07,3,0.7333333333333333,43.18893204374952,43.18893204374952,28.8696870119538,0.053212918199480395,1.0,43.18893204374952,19.064912041346307,43.18893204374952,0.0,0.03709878482021545,0.025875129440413498,7.8125,3,0
p08,2,0.8333333333333334,604.9252990891514,604.9252990891514,106.80655207845908,8.283850049211804,1.0,604.9252990891514,3.4860740764813345,604.9252990891514,0.0,0.2073036142439243,0.13293872231233422,39.0625,3,1
p09,1,0.9666666666666667,209.62990296590786,209.62990296590786,19.989607733664684,0.9509686924715668,1.0,209.62990296590786,0.6553556288959417,209.62990296590786,0.0,0.06103135507616192,0.021180350359948235,31.25,4,0
p10,2,0.5166666666666667,11.594612247553243,11.594612247553243,16.15552562693133,-1.0463313201381892,1.0,2.2069303247366547,11.594612247553243,0.0,11.594612247553243,0.061941981601402386,0.023720351701524346,23.4375,4,1
p11,1,0.6666666666666666,20.66982403160677,9.112595008182659,81.81456297053504,0.1700451959175716,1.0,20.66982403160677,4.752103345900859,9.112595008182659,0.0,0.09739069529947501,0.05977589210612712,31.25,5,0
p12,1,0.8166666666666667,81.27899579628938,81.27899579628938,177.63545762980453,1.4265762525679975,1.0,81.27899579628938,2.1762181027696936,81.27899579628938,0.0,0.15480082546599513,0.1396747056621677,39.0625,5,1
p13,0,0.0,6.608361159580546,2.197378050018857,21.178715893982414,-0.8894474718258083,1.0,3.6744714340742117,6.608361159580546,2.197378050018857,0.4770933840553545,0.08163928426662113,0.031693635670715946,39.0625,6,0
p14,1,0.7833333333333333,775.3708417205703,774.4866485163938,33.26476346778331,0.31100865484962265,1.0,775.3708417205703,7.549462450855916,774.4866485163938,0.0,0.08261638223602255,0.039937853791300375,31.25,6,1
p15,1,0.9833333333333333,537.9640104375703,537.9640104375703,13.22318664614544,1.298285176134852,1.0,537.9640104375703,1.4402000891288669,537.9640104375703,0.0,0.04568838816151207,0.02313291228914838,15.625,7,0
p16,3,0.8333333333333334,199.60076786263707,199.31723646586548,14.383071318780797,-0.5635148750138681,1.0,199.60076786263707,1.78977965912921,199.31723646586548,0.0,0.06788851106100698,0.035390949485532563,15.625,7,1
p17,1,0.7333333333333333,287.212150615401,274.66345661224165,23.983385661294502,-1.2849430941124331,1.0,287.212150615401,17.731798578986425,274.66345661224165,9.548694003159369,0.04419166880556138,0.022516100193538332,15.625,8,0
p18,1,0.6666666666666666,1558.85459085935,1558.85459085935,28.695174126256205,0.2885206904650791,1.0,1558.85459085935,12.755435276219302,1558.85459085935,0.0,0.10334301186207763,0.039761601826345964,15.625,8,1
p19,0,0.0,4.859331219201087,0.0,33.88274979243009,-0.7177580577460039,1.0,4.859331219201087,3.375574805142165,0.0,0.0,0.07611345117543172,0.039459573002561164,23.4375,9,0
p20,2,0.4666666666666667,67.21878965310682,67.21878965310682,154.0750905649593,1.2892124899750286,1.0,67.21878965310682,2.8998096636765243,67.21878965310682,0.0,0.15941720186925631,0.14016460026428984,46.875,9,1
p21,1,1.0,1426.7032945199956,1426.7032945199956,89.52808872596724,17.301085312716538,1.0,1426.7032945199956,1.3938221729278628,1426.7032945199956,0.0,0.15186450511211363,0.0908821843555039,31.25,10,0
p22,1,0.9166666666666666,1852.6754816305313,1852.6754816305313,12.710010844241392,1.3102029510000397,1.0,1852.6754816305313,2.051272270947897,1852.6754816305313,0.0,0.12079328125008848,0.04217145544566574,23.4375,10,1
p23,1,0.95,252.95553027901917,252.95553027901917,20.791437714622816,-0.7358767063991161,1.0,252.95553027901917,3.1276284096431937,252.95553027901917,0.0,0.08620460314514608,0.03916335113208236,15.625,11,0
p24,1,1.0,1024.9078183183544,1024.9078183183544,23.825539239,0.9450824110233831,1.0,1024.9078183183544,0.8827425375156093,1024.9078183183544,0.0,0.083099590313371,0.04909956802465509,15.625,11,1
p25,4,0.5,17.186189158506735,11.894446792564766,100.46351331805465,-0.6961503762855741,1.0,5.771416631271849,17.186189158506735,0.0,11.894446792564766,0.10306325631958396,0.09687224674103521,31.25,12,0
p26,1,0.05,9.15125697453637,0.16720497448898475,97.06033527766613,0.4704107172809867,1.0,9.15125697453637,2.85456583031164,0.16720497448898475,0.0,0.09558499951536553,0.07398201484612855,23.4375,12,1
p27,1,0.8333333333333334,6006.252389980395,6003.165386314032,11.810502429645847,5.619113318655822,1.0,6006.252389980395,5.092778539068431,6003.165386314032,2.0870036663624463,0.10847025324224302,0.04447218167257409,23.4375,13,0
p28,1,0.8833333333333333,1806.6814162080075,1806.6814162080075,10.656401698189182,1.3207429061367608,1.0,1806.6814162080075,2.1068924481323186,1806.6814162080075,0.0,0.10316998879018613,0.020298433253349492,31.25,13,1
p29,0,0.0,3.9343672661223845,2.1701204934445943,18.846522308130922,-1.0205576291726508,1.0,1.3641467755609584,3.9343672661223845,0.0,2.1701204934445943,0.10405006638436791,0.04761913044277785,15.625,14,0
p30,1,0.03333333333333333,9.207590716135266,9.207590716135266,19.541253195780783,-0.9312813260615329,1.0,9.207590716135266,2.4452611122502614,9.207590716135266,0.0,0.10341680955685634,0.05359118973626822,15.625,14,1
p31,1,0.8333333333333334,72.02792657331773,72.02792657331773,9.13419725009572,-3.4038939492286087,1.0,4.018199047308924,72.02792657331773,0.0,72.02792657331773,0.07395035300196715,0.027985648512273538,7.8125,15,0
p32,1,0.9833333333333333,1687.9381539611513,1687.9381539611513,8.577314469974182,0.16786124243548295,1.0,1687.9381539611513,7.0936478714734745,1687.9381539611513,0.0,0.09041479488310039,0.028381977395029945,7.8125,15,1
p33,2,0.8666666666666667,39.94690971062206,14.4840083119355,121.10682224282283,-0.44791581500538963,1.0,16.7790870492263,39.94690971062206,14.4840083119355,13.490449018620989,0.14310779079446215,0.14379026981651263,23.4375,16,0
p34,1,0.5,66.68488860051798,66.68488860051798,183.7015072258639,1.0625698559386758,1.0,66.68488860051798,6.498067450605274,66.68488860051798,0.0,0.21633398423566214,0.25773664181658706,70.3125,16,1
p35,1,0.9166666666666666,370.7644142448541,367.8899685031239,8.448843881804933,-0.3856427497776247,1.0,370.7644142448541,8.017539821097998,367.8899685031239,1.8744457417302143,0.045602716623110114,0.009348713553402969,23.4375,17,0
p36,1,0.9,378.61832671467266,378.61832671467266,9.290799085759051,-0.5077208251764097,1.0,378.61832671467266,4.723382793480436,378.61832671467266,0.0,0.05985844029518717,0.012475121361728314,31.25,17,1
p37,1,1.0,1082.8885456274722,1082.516870889044,15.115905031981956,-0.3285317434530739,1.0,1082.8885456274722,9.80875471610041,1082.516870889044,0.0,0.06136164822858783,0.025649119980004166,15.625,18,0
p38,1,0.75,2874.542954393902,2874.542954393902,13.184566742919376,0.36146088635789164,1.0,2874.542954393902,2.7545405798891496,2874.542954393902,0.0,0.10609618972286022,0.08061380084847529,7.8125,18,1
p39,1,0.9666666666666667,6607.608540649655,6607.608540649655,24.391675364473823,8.223778256764096,1.0,6607.608540649655,10.25479084875978,6607.608540649655,0.0,0.1520027409791887,0.10018101682985889,39.0625,19,0
p40,1,1.0,2396.924632737442,2396.924632737442,20.223568036288825,0.6240843745247,1.0,2396.924632737442,4.416409248316803,2396.924632737442,0.0,0.13133391239562983,0.06782007665809492,23.4375,19,1
p41,1,0.15,18.683265950779422,18.683265950779422,268.0447456351058,0.6158549124661683,1.0,18.683265950779422,3.2374922176564205,18.683265950779422,0.0,0.22322451249697509,0.2515815824358475,39.0625,20,0
p42,1,0.9333333333333333,32.79717334520074,23.651492275019855,345.96212752916136,0.25348698126138824,1.0,32.79717334520074,2.091015207128174,23.651492275019855,0.8707516288616153,0.27797305842526776,0.4053885205654377,101.5625,20,1
p43,1,1.0,701.1791930765385,692.4353799187695,8.057978486396824,-0.46987858014691697,1.0,701.1791930765385,6.755427658704235,692.4353799187695,3.7438131577690115,0.03362745469207127,0.01220436598086762,7.8125,21,0
p44,1,0.9833333333333333,6315.903190045988,6315.903190045988,18.373979792065747,10.928612100827069,1.0,6315.903190045988,1.2737903455260222,6315.903190045988,0.0,0.2595914281156524,0.06587145141297408,31.25,21,1
p45,1,0.9166666666666666,20836.265529807755,20836.265529807755,193.1869407044124,192.9234285731335,1.0,20836.265529807755,3.385169256531505,20836.265529807755,0.0,0.5453877134706269,0.2344397995553624,23.4375,22,0
p46,1,1.0,5102.188510147056,5093.685069183921,11.693656201606851,-0.15244794536472628,1.0,5102.188510147056,13.795996155633146,5093.685069183921,6.503440963135606,0.19713626061863643,0.04224434650890721,23.4375,22,1
p47,1,0.7,115.17444098183697,112.6133107773935,13.208835789007068,-0.47234785883878266,1.0,115.17444098183697,15.25806424950237,112.6133107773935,0.561130204443478,0.027080578183443157,0.019347857143004424,15.625,23,0
p48,1,0.95,9851.30319470404,9851.30319470404,112.90249516478367,176.67843288600642,1.0,9851.30319470404,2.200369380860775,9851.30319470404,0.0,0.15696534804241866,0.1234803798693854,15.625,23,1
p49,1,0.9166666666666666,150.0138380961308,147.0228515236887,14.543266684001058,-0.4200317000657485,1.0,150.0138380961308,7.448208200009037,147.0228515236887,0.06675164808644451,0.029737143593862515,0.014006387905937735,7.8125,24,0
p50,0,0.0,6.801214801506033,3.7952524002759773,186.6712288576025,-0.41886431832206306,1.0,1.803147873252969,6.801214801506033,0.0,3.7952524002759773,0.1315158605606636,0.10317535743696962,15.625,24,1
