record_id,alarm_events,pct_alarm_sustained,max_cusum,final_cusum,median_rmssd,median_z,subwindow_sqi_good_frac,max_cusum_pos,max_cusum_neg,final_cusum_pos,final_cusum_neg,rr_cv,rr_masd_over_mean,segment_rr_mad_ms,y,subject_pair_group,task
p01,1,1.0,1082.8885456274722,1082.516870889044,15.115905031981956,-0.3285317434530739,1.0,1082.8885456274722,9.80875471610041,1082.516870889044,0.0,0.06136164822858783,0.025649119980004166,15.625,1,0,PAF_vs_noPAF_subject_discrimination
p02,1,0.7333333333333333,4797.417865758553,4797.417865758553,13.385499605630955,1.2774432530812008,1.0,4797.417865758553,4.217687657491676,4797.417865758553,0.0,0.10609662016050865,0.08062248721244797,7.8125,1,0,PAF_vs_noPAF_subject_discrimination
p03,1,0.9666666666666667,898.5116519757194,889.8566006979705,7.812057853923068,-0.13772687027488542,1.0,898.5116519757194,3.2364464140702873,889.8566006979705,3.0301205468449557,0.083259291404196,0.01818572549307585,7.8125,1,1,PAF_vs_noPAF_subject_discrimination
p04,1,0.9833333333333333,1837.280593131308,1837.280593131308,10.024137371883668,-0.43398255578270695,1.0,1837.280593131308,10.14662390669423,1837.280593131308,0.0,0.09167198969802352,0.019550978552346228,7.8125,1,1,PAF_vs_noPAF_subject_discrimination
p05,1,0.5666666666666667,63.34750091864927,61.703051911469565,13.623387963988508,0.9758809886912342,1.0,63.34750091864927,2.445822292579442,61.703051911469565,0.0,0.019853026687605073,0.018967355281783036,7.8125,1,2,PAF_vs_noPAF_subject_discrimination
p06,1,0.7833333333333333,867.3168170202873,867.3168170202873,13.094323291141938,3.6905262021519514,1.0,867.3168170202873,3.0981303162678944,867.3168170202873,0.0,0.06868069345679083,0.028902886352210583,15.625,1,2,PAF_vs_noPAF_subject_discrimination
p07,3,0.7333333333333333,43.18893204374952,43.18893204374952,28.8696870119538,0.053212918199480395,1.0,43.18893204374952,19.064912041346307,43.18893204374952,0.0,0.03709878482021545,0.025875129440413498,7.8125,1,3,PAF_vs_noPAF_subject_discrimination
p08,2,0.8333333333333334,604.9252990891514,604.9252990891514,106.80655207845908,8.283850049211804,1.0,604.9252990891514,3.4860740764813345,604.9252990891514,0.0,0.2073036142439243,0.13293872231233422,39.0625,1,3,PAF_vs_noPAF_subject_discrimination
p09,1,0.9666666666666667,209.62990296590786,209.62990296590786,19.989607733664684,0.9509686924715668,1.0,209.62990296590786,0.6553556288959417,209.62990296590786,0.0,0.06103135507616192,0.021180350359948235,31.25,1,4,PAF_vs_noPAF_subject_discrimination
p10,2,0.5166666666666667,11.594612247553243,11.594612247553243,16.15552562693133,-1.0463313201381892,1.0,2.2069303247366547,11.594612247553243,0.0,11.594612247553243,0.061941981601402386,0.023720351701524346,23.4375,1,4,PAF_vs_noPAF_subject_discrimination
p11,1,0.6666666666666666,20.66982403160677,9.112595008182659,81.81456297053504,0.1700451959175716,1.0,20.66982403160677,4.752103345900859,9.112595008182659,0.0,0.09739069529947501,0.05977589210612712,31.25,1,5,PAF_vs_noPAF_subject_discrimination
p12,1,0.8166666666666667,81.27899579628938,81.27899579628938,177.63545762980453,1.4265762525679975,1.0,81.27899579628938,2.1762181027696936,81.27899579628938,0.0,0.15480082546599513,0.1396747056621677,39.0625,1,5,PAF_vs_noPAF_subject_discrimination
p13,0,0.0,6.608361159580546,2.197378050018857,21.178715893982414,-0.8894474718258083,1.0,3.6744714340742117,6.608361159580546,2.197378050018857,0.4770933840553545,0.08163928426662113,0.031693635670715946,39.0625,1,6,PAF_vs_noPAF_subject_discrimination
p14,1,0.7833333333333333,775.3708417205703,774.4866485163938,33.26476346778331,0.31100865484962265,1.0,775.3708417205703,7.549462450855916,774.4866485163938,0.0,0.08261638223602255,0.039937853791300375,31.25,1,6,PAF_vs_noPAF_subject_discrimination
p15,1,0.9833333333333333,537.9640104375703,537.9640104375703,13.22318664614544,1.298285176134852,1.0,537.9640104375703,1.4402000891288669,537.9640104375703,0.0,0.04568838816151207,0.02313291228914838,15.625,1,7,PAF_vs_noPAF_subject_discrimination
p16,3,0.8333333333333334,199.60076786263707,199.31723646586548,14.383071318780797,-0.5635148750138681,1.0,199.60076786263707,1.78977965912921,199.31723646586548,0.0,0.06788851106100698,0.035390949485532563,15.625,1,7,PAF_vs_noPAF_subject_discrimination
p17,1,0.7333333333333333,287.212150615401,274.66345661224165,23.983385661294502,-1.2849430941124331,1.0,287.212150615401,17.731798578986425,274.66345661224165,9.548694003159369,0.04419166880556138,0.022516100193538332,15.625,1,8,PAF_vs_noPAF_subject_discrimination
p18,1,0.6666666666666666,1558.85459085935,1558.85459085935,28.695174126256205,0.2885206904650791,1.0,1558.85459085935,12.755435276219302,1558.85459085935,0.0,0.10334301186207763,0.039761601826345964,15.625,1,8,PAF_vs_noPAF_subject_discrimination
p19,0,0.0,4.859331219201087,0.0,33.88274979243009,-0.7177580577460039,1.0,4.859331219201087,3.375574805142165,0.0,0.0,0.07611345117543172,0.039459573002561164,23.4375,1,9,PAF_vs_noPAF_subject_discrimination
p20,2,0.4666666666666667,67.21878965310682,67.21878965310682,154.0750905649593,1.2892124899750286,1.0,67.21878965310682,2.8998096636765243,67.21878965310682,0.0,0.15941720186925631,0.14016460026428984,46.875,1,9,PAF_vs_noPAF_subject_discrimination
p21,1,1.0,1426.7032945199956,1426.7032945199956,89.52808872596724,17.301085312716538,1.0,1426.7032945199956,1.3938221729278628,1426.7032945199956,0.0,0.15186450511211363,0.0908821843555039,31.25,1,10,PAF_vs_noPAF_subject_discrimination
p22,1,0.9166666666666666,1852.6754816305313,1852.6754816305313,12.710010844241392,1.3102029510000397,1.0,1852.6754816305313,2.051272270947897,1852.6754816305313,0.0,0.12079328125008848,0.04217145544566574,23.4375,1,10,PAF_vs_noPAF_subject_discrimination
p23,1,0.95,252.95553027901917,252.95553027901917,20.791437714622816,-0.7358767063991161,1.0,252.95553027901917,3.1276284096431937,252.95553027901917,0.0,0.08620460314514608,0.03916335113208236,15.625,1,11,PAF_vs_noPAF_subject_discrimination
p24,1,1.0,1024.9078183183544,1024.9078183183544,23.825539239,0.9450824110233831,1.0,1024.9078183183544,0.8827425375156093,1024.9078183183544,0.0,0.083099590313371,0.04909956802465509,15.625,1,11,PAF_vs_noPAF_subject_discrimination
p25,4,0.5,17.186189158506735,11.894446792564766,100.46351331805465,-0.6961503762855741,1.0,5.771416631271849,17.186189158506735,0.0,11.894446792564766,0.10306325631958396,0.09687224674103521,31.25,1,12,PAF_vs_noPAF_subject_discrimination
p26,1,0.05,9.15125697453637,0.16720497448898475,97.06033527766613,0.4704107172809867,1.0,9.15125697453637,2.85456583031164,0.16720497448898475,0.0,0.09558499951536553,0.07398201484612855,23.4375,1,12,PAF_vs_noPAF_subject_discrimination
p27,1,0.8333333333333334,6006.252389980395,6003.165386314032,11.810502429645847,5.619113318655822,1.0,6006.252389980395,5.092778539068431,6003.165386314032,2.0870036663624463,0.10847025324224302,0.04447218167257409,23.4375,1,13,PAF_vs_noPAF_subject_discrimination
p28,1,0.8833333333333333,1806.6814162080075,1806.6814162080075,10.656401698189182,1.3207429061367608,1.0,1806.6814162080075,2.1068924481323186,1806.6814162080075,0.0,0.10316998879018613,0.020298433253349492,31.25,1,13,PAF_vs_noPAF_subject_discrimination
p29,0,0.0,3.9343672661223845,2.1701204934445943,18.846522308130922,-1.0205576291726508,1.0,1.3641467755609584,3.9343672661223845,0.0,2.1701204934445943,0.10405006638436791,0.04761913044277785,15.625,1,14,PAF_vs_noPAF_subject_discrimination
p30,1,0.03333333333333333,9.207590716135266,9.207590716135266,19.541253195780783,-0.9312813260615329,1.0,9.207590716135266,2.4452611122502614,9.207590716135266,0.0,0.10341680955685634,0.05359118973626822,15.625,1,14,PAF_vs_noPAF_subject_discrimination
p31,1,0.8333333333333334,72.02792657331773,72.02792657331773,9.13419725009572,-3.4038939492286087,1.0,4.018199047308924,72.02792657331773,0.0,72.02792657331773,0.07395035300196715,0.027985648512273538,7.8125,1,15,PAF_vs_noPAF_subject_discrimination
p32,1,0.9833333333333333,1687.9381539611513,1687.9381539611513,8.577314469974182,0.16786124243548295,1.0,1687.9381539611513,7.0936478714734745,1687.9381539611513,0.0,0.09041479488310039,0.028381977395029945,7.8125,1,15,PAF_vs_noPAF_subject_discrimination
p33,2,0.8666666666666667,39.94690971062206,14.4840083119355,121.10682224282283,-0.44791581500538963,1.0,16.7790870492263,39.94690971062206,14.4840083119355,13.490449018620989,0.14310779079446215,0.14379026981651263,23.4375,1,16,PAF_vs_noPAF_subject_discrimination
p34,1,0.5,66.68488860051798,66.68488860051798,183.7015072258639,1.0625698559386758,1.0,66.68488860051798,6.498067450605274,66.68488860051798,0.0,0.21633398423566214,0.25773664181658706,70.3125,1,16,PAF_vs_noPAF_subject_discrimination
p35,1,0.9166666666666666,370.7644142448541,367.8899685031239,8.448843881804933,-0.3856427497776247,1.0,370.7644142448541,8.017539821097998,367.8899685031239,1.8744457417302143,0.045602716623110114,0.009348713553402969,23.4375,1,17,PAF_vs_noPAF_subject_discrimination
p36,1,0.9,378.61832671467266,378.61832671467266,9.290799085759051,-0.5077208251764097,1.0,378.61832671467266,4.723382793480436,378.61832671467266,0.0,0.05985844029518717,0.012475121361728314,31.25,1,17,PAF_vs_noPAF_subject_discrimination
p37,1,1.0,1082.8885456274722,1082.516870889044,15.115905031981956,-0.3285317434530739,1.0,1082.8885456274722,9.80875471610041,1082.516870889044,0.0,0.06136164822858783,0.025649119980004166,15.625,1,18,PAF_vs_noPAF_subject_discrimination
p38,1,0.75,2874.542954393902,2874.542954393902,13.184566742919376,0.36146088635789164,1.0,2874.542954393902,2.7545405798891496,2874.542954393902,0.0,0.10609618972286022,0.08061380084847529,7.8125,1,18,PAF_vs_noPAF_subject_discrimination
p39,1,0.9666666666666667,6607.608540649655,6607.608540649655,24.391675364473823,8.223778256764096,1.0,6607.608540649655,10.25479084875978,6607.608540649655,0.0,0.1520027409791887,0.10018101682985889,39.0625,1,19,PAF_vs_noPAF_subject_discrimination
p40,1,1.0,2396.924632737442,2396.924632737442,20.223568036288825,0.6240843745247,1.0,2396.924632737442,4.416409248316803,2396.924632737442,0.0,0.13133391239562983,0.06782007665809492,23.4375,1,19,PAF_vs_noPAF_subject_discrimination
p41,1,0.15,18.683265950779422,18.683265950779422,268.0447456351058,0.6158549124661683,1.0,18.683265950779422,3.2374922176564205,18.683265950779422,0.0,0.22322451249697509,0.2515815824358475,39.0625,1,20,PAF_vs_noPAF_subject_discrimination
p42,1,0.9333333333333333,32.79717334520074,23.651492275019855,345.96212752916136,0.25348698126138824,1.0,32.79717334520074,2.091015207128174,23.651492275019855,0.8707516288616153,0.27797305842526776,0.4053885205654377,101.5625,1,20,PAF_vs_noPAF_subject_discrimination
p43,1,1.0,701.1791930765385,692.4353799187695,8.057978486396824,-0.46987858014691697,1.0,701.1791930765385,6.755427658704235,692.4353799187695,3.7438131577690115,0.03362745469207127,0.01220436598086762,7.8125,1,21,PAF_vs_noPAF_subject_discrimination
p44,1,0.9833333333333333,6315.903190045988,6315.903190045988,18.373979792065747,10.928612100827069,1.0,6315.903190045988,1.2737903455260222,6315.903190045988,0.0,0.2595914281156524,0.06587145141297408,31.25,1,21,PAF_vs_noPAF_subject_discrimination
p45,1,0.9166666666666666,20836.265529807755,20836.265529807755,193.1869407044124,192.9234285731335,1.0,20836.265529807755,3.385169256531505,20836.265529807755,0.0,0.5453877134706269,0.2344397995553624,23.4375,1,22,PAF_vs_noPAF_subject_discrimination
p46,1,1.0,5102.188510147056,5093.685069183921,11.693656201606851,-0.15244794536472628,1.0,5102.188510147056,13.795996155633146,5093.685069183921,6.503440963135606,0.19713626061863643,0.04224434650890721,23.4375,1,22,PAF_vs_noPAF_subject_discrimination
p47,1,0.7,115.17444098183697,112.6133107773935,13.208835789007068,-0.47234785883878266,1.0,115.17444098183697,15.25806424950237,112.6133107773935,0.561130204443478,0.027080578183443157,0.019347857143004424,15.625,1,23,PAF_vs_noPAF_subject_discrimination
p48,1,0.95,9851.30319470404,9851.30319470404,112.90249516478367,176.67843288600642,1.0,9851.30319470404,2.200369380860775,9851.30319470404,0.0,0.15696534804241866,0.1234803798693854,15.625,1,23,PAF_vs_noPAF_subject_discrimination
p49,1,0.9166666666666666,150.0138380961308,147.0228515236887,14.543266684001058,-0.4200317000657485,1.0,150.0138380961308,7.448208200009037,147.0228515236887,0.06675164808644451,0.029737143593862515,0.014006387905937735,7.8125,1,24,PAF_vs_noPAF_subject_discrimination
p50,0,0.0,6.801214801506033,3.7952524002759773,186.6712288576025,-0.41886431832206306,1.0,1.803147873252969,6.801214801506033,0.0,3.7952524002759773,0.1315158605606636,0.10317535743696962,15.625,1,24,PAF_vs_noPAF_subject_discrimination
n01,1,0.8,652.0446020844274,644.4929187504431,7.320209687232756,-0.3479470372985898,1.0,652.0446020844274,27.652734300184484,644.4929187504431,1.886767129547494,0.05238386364181361,0.010588451823268574,15.625,0,0,PAF_vs_noPAF_subject_discrimination
n02,1,0.5166666666666667,100.8193435045592,100.8193435045592,8.68008173438557,1.6166673246590515,1.0,100.8193435045592,1.3843572519910494,100.8193435045592,0.0,0.04344929443195942,0.009377375772569372,23.4375,0,0,PAF_vs_noPAF_subject_discrimination
n03,1,0.85,87.88428038606477,87.88428038606477,46.100678094007506,0.7347388843558385,1.0,87.88428038606477,1.5848033067756258,87.88428038606477,0.0,0.09410705871694382,0.03787875324523782,15.625,0,1,PAF_vs_noPAF_subject_discrimination
n04,0,0.0,4.812887866517809,1.3491436263218408,135.4669258161918,-0.11817322855935394,1.0,1.9022953379185594,4.812887866517809,1.3491436263218408,0.0,0.13029024862236713,0.07226366592951544,15.625,0,1,PAF_vs_noPAF_subject_discrimination
n05,3,0.8,18.281805012285812,7.573133047876853,8.404440704192647,0.11816248067538153,1.0,18.281805012285812,17.44997366156201,4.002469700497782,7.573133047876853,0.16679378830468616,0.011417590530100033,85.9375,0,2,PAF_vs_noPAF_subject_discrimination
n06,3,0.18333333333333332,11.22964438176114,6.05977490513577,11.782404732248413,-0.7597485604757411,1.0,8.699070943750108,11.22964438176114,0.0,6.05977490513577,0.1591419576431711,0.01766557788807474,54.6875,0,2,PAF_vs_noPAF_subject_discrimination
n07,1,0.9166666666666666,436.8324487370617,436.8324487370617,40.08615591080819,7.9627001016631915,1.0,436.8324487370617,0.5358026391139683,436.8324487370617,0.0,0.0315700437153069,0.02252554093724339,15.625,0,3,PAF_vs_noPAF_subject_discrimination
n08,1,0.16666666666666666,13.145431473343965,12.164020930465174,7.8125,0.44976570912204067,1.0,13.145431473343965,5.531573197820716,12.164020930465174,0.0,0.008521842085111217,0.00589484430424279,7.8125,0,3,PAF_vs_noPAF_subject_discrimination
n09,1,0.3,21.45995994941488,21.45995994941488,52.51526943517085,-0.8951025508951701,1.0,6.9953385952751646,21.45995994941488,0.0,21.45995994941488,0.11666823026394507,0.05683437389069771,15.625,0,4,PAF_vs_noPAF_subject_discrimination
n10,1,1.0,2410.2046807512897,2410.2046807512897,10.320547760611822,2.754564847209509,1.0,2410.2046807512897,8.045955169330124,2410.2046807512897,0.0,0.08672058437794765,0.017771304374069256,23.4375,0,4,PAF_vs_noPAF_subject_discrimination
n11,1,0.9833333333333333,314.6716398405592,313.2305518803595,18.880283115755656,0.013311308295803598,1.0,314.6716398405592,3.244931185213076,313.2305518803595,0.44108796019966745,0.052394206157150236,0.023911212323686707,15.625,0,5,PAF_vs_noPAF_subject_discrimination
n12,1,0.43333333333333335,27.05429848785292,15.834872447194158,23.596016782215223,-0.7944613499816504,1.0,27.05429848785292,3.235004996213229,15.834872447194158,3.235004996213229,0.06355369045595449,0.033748686333087065,15.625,0,5,PAF_vs_noPAF_subject_discrimination
n13,1,0.9,280.25830115633767,278.8986803512296,18.893660525357397,2.8509194976399743,1.0,280.25830115633767,7.006747040563285,278.8986803512296,0.0,0.05113554260896732,0.01943120414080936,23.4375,0,6,PAF_vs_noPAF_subject_discrimination
n14,3,0.21666666666666667,33.03279651807384,33.03279651807384,8.573976686809424,0.019042041923079837,1.0,33.03279651807384,3.0011762474258488,33.03279651807384,0.0,0.039914641203242576,0.009979070772942172,15.625,0,6,PAF_vs_noPAF_subject_discrimination
n15,0,0.0,2.7241801716704614,0.4702943966223869,46.65719978419841,-0.48845624719237746,1.0,2.6790658224787114,2.7241801716704614,0.3932018946170772,0.4702943966223869,0.08930241019794008,0.06968608146227306,7.8125,0,7,PAF_vs_noPAF_subject_discrimination
n16,2,0.6,17.791516651394453,17.791516651394453,91.38382908228033,-0.6874722184882964,1.0,1.3558769647240267,17.791516651394453,0.0,17.791516651394453,0.11417058395311504,0.10144432208444262,15.625,0,7,PAF_vs_noPAF_subject_discrimination
n17,2,0.8333333333333334,215.78712708862147,215.78712708862147,17.40883300859128,1.6809112523579794,1.0,215.78712708862147,1.819547394608815,215.78712708862147,0.0,0.11727387221401382,0.016384113278567706,93.75,0,8,PAF_vs_noPAF_subject_discrimination
n18,1,0.38333333333333336,22.677525571274472,16.65387721543901,21.660288419750948,0.013708462097397052,1.0,22.677525571274472,11.249804579129641,16.65387721543901,0.0,0.0364197243107271,0.016370853147340464,23.4375,0,8,PAF_vs_noPAF_subject_discrimination
n19,1,0.65,32.59133033120979,20.319639495683408,44.31562106533143,-0.17457544297051553,1.0,20.522950096539123,32.59133033120979,20.319639495683408,0.0,0.06383856372323062,0.025770771437613457,70.3125,0,9,PAF_vs_noPAF_subject_discrimination
n20,4,0.7333333333333333,28.824795051435704,26.18888840424946,38.59767333951309,-0.8591931490482692,1.0,28.824795051435704,26.18888840424946,0.0,26.18888840424946,0.030778775949908434,0.024446565331850915,23.4375,0,9,PAF_vs_noPAF_subject_discrimination
n21,2,0.9333333333333333,33.217449651231725,31.329935647842717,12.54942784497391,-0.5717183330825938,1.0,20.26855014696463,33.217449651231725,0.196679686545578,31.329935647842717,0.13782051245798177,0.011911166322517517,93.75,0,10,PAF_vs_noPAF_subject_discrimination
n22,1,1.0,1700.7632518071584,1692.625072549593,10.525918880183806,-0.2512807134994125,1.0,1700.7632518071584,3.1381792575656835,1692.625072549593,3.1381792575656835,0.2204871422541254,0.02657393383522211,15.625,0,10,PAF_vs_noPAF_subject_discrimination
n23,2,0.6333333333333333,77.51248017314681,74.0083196575931,11.174283723742608,-1.1426443963482278,1.0,5.664777145489438,77.51248017314681,2.5041605155537057,74.0083196575931,0.01804527353861899,0.016141142931007664,7.8125,0,11,PAF_vs_noPAF_subject_discrimination
n24,1,0.7333333333333333,1557.3238490863216,1557.2035228780771,223.3407426421486,-5.930292957856667,1.0,198.71137064456525,1557.3238490863216,0.0,1557.2035228780771,0.2177725254028688,0.2670481111860082,31.25,0,11,PAF_vs_noPAF_subject_discrimination
n25,2,0.2833333333333333,16.47403014969865,3.996034709821373,23.28296204080487,0.1628924170674278,1.0,16.47403014969865,2.453171902179775,3.996034709821373,0.0,0.08680959352285948,0.02974975339479654,31.25,0,12,PAF_vs_noPAF_subject_discrimination
n26,1,0.8,71.49141324182477,71.49141324182477,44.23667551329005,-1.6565225532171801,1.0,2.9576784614617004,71.49141324182477,0.0,71.49141324182477,0.08756879028232263,0.039001351705771105,46.875,0,12,PAF_vs_noPAF_subject_discrimination
n27,4,0.2833333333333333,16.041454065639034,16.041454065639034,717.6111528907722,-0.8660583281567049,0.7333333333333333,11.251311827119263,16.041454065639034,0.0,16.041454065639034,1.8640358571488154,0.557533329095987,62.5,0,13,PAF_vs_noPAF_subject_discrimination
n28,7,0.5333333333333333,17613.88129674179,17600.41471726102,29.785728002416334,2.124240646572479,0.8166666666666667,17613.88129674179,11.466579480769955,17600.41471726102,11.466579480769955,2.2542350821408066,0.38819281319061566,156.25,0,13,PAF_vs_noPAF_subject_discrimination
n29,1,0.8,186.76017979913536,186.76017979913536,17.392697122852887,-4.23902056444739,1.0,4.0258549549917415,186.76017979913536,0.0,186.76017979913536,0.10274776141214939,0.023083607159745504,31.25,0,14,PAF_vs_noPAF_subject_discrimination
n30,3,0.5333333333333333,32.72597613007582,32.00633973225345,91.99434272384144,1.1516744049729126,1.0,32.72597613007582,1.961422124550385,32.00633973225345,0.0,0.1388909530067066,0.06523907641660492,78.125,0,14,PAF_vs_noPAF_subject_discrimination
n31,1,0.4666666666666667,41.61722834315393,41.61722834315393,28.249303808063,0.8943666737778675,1.0,41.61722834315393,6.490976321624847,41.61722834315393,0.0,0.06457147588408757,0.030445538868336744,31.25,0,15,PAF_vs_noPAF_subject_discrimination
n32,1,0.5833333333333334,51.80350773774821,41.30623589572946,31.6596342439927,-0.5378439081584379,1.0,6.578680412924037,51.80350773774821,1.653330644552684,41.30623589572946,0.06142550303004712,0.03253794184037856,23.4375,0,15,PAF_vs_noPAF_subject_discrimination
n33,2,0.7333333333333333,152.636818043835,152.636818043835,19.84446317000459,-3.2243905480919306,1.0,8.719451534308401,152.636818043835,0.0,152.636818043835,0.07039860251902942,0.02331570389689859,31.25,0,16,PAF_vs_noPAF_subject_discrimination
n34,2,0.65,52.57994901752007,51.15858085669212,27.03577747704198,1.304093841553859,1.0,52.57994901752007,4.102417520046128,51.15858085669212,0.0,0.059058758003680975,0.02886938723606066,23.4375,0,16,PAF_vs_noPAF_subject_discrimination
n35,1,0.5833333333333334,45.985704138769,32.474637031108585,111.42205361133155,1.2607043342464095,1.0,45.985704138769,4.511067107660422,32.474637031108585,4.511067107660422,0.18595887225547247,0.08159877342734648,78.125,0,17,PAF_vs_noPAF_subject_discrimination
n36,3,0.5333333333333333,31.047113291147426,31.047113291147426,87.14402203595864,-1.0700956589358424,1.0,2.739707017799735,31.047113291147426,0.0,31.047113291147426,0.1152429033786955,0.07675515075332114,54.6875,0,17,PAF_vs_noPAF_subject_discrimination
n37,3,0.2,10.953055483566164,7.680615295653677,38.552398503745266,-0.084466900845803,1.0,10.953055483566164,7.74599633326388,7.680615295653677,1.2724401879124851,0.11030101320210241,0.03929782819774209,62.5,0,18,PAF_vs_noPAF_subject_discrimination
n38,4,0.48333333333333334,19.79035102847139,16.602074663362096,43.036662189929196,-0.1691174057056887,1.0,19.79035102847139,10.475291752774842,16.602074663362096,1.1882763651092976,0.12382709022641225,0.04211762820975889,78.125,0,18,PAF_vs_noPAF_subject_discrimination
n39,1,0.8166666666666667,396.9530134031343,396.9530134031343,35.5642904183632,5.260919200433181,1.0,396.9530134031343,1.5144624615324522,396.9530134031343,0.0,0.06985856450135688,0.033036706168567125,39.0625,0,19,PAF_vs_noPAF_subject_discrimination
n40,2,0.8333333333333334,325.65976295192326,325.65976295192326,27.658365506307387,-7.185855395339596,1.0,14.489421020483329,325.65976295192326,0.0,325.65976295192326,0.1527682484398105,0.031099526118981053,62.5,0,19,PAF_vs_noPAF_subject_discrimination
n41,2,0.31666666666666665,26.498744001439857,23.1046800840188,45.843830933955246,-0.7980237045002214,1.0,11.115857889098843,26.498744001439857,1.3940639174210563,23.1046800840188,0.08431694325638159,0.04739995501605129,39.0625,0,20,PAF_vs_noPAF_subject_discrimination
n42,1,0.8333333333333334,403.1893701992593,403.1893701992593,123.62753577077447,6.144691772304073,1.0,403.1893701992593,5.861700665372754,403.1893701992593,0.0,0.12648940442882742,0.09128882611109358,101.5625,0,20,PAF_vs_noPAF_subject_discrimination
n43,2,0.6,19.100796493239464,15.558052625839256,136.63191109897616,1.0951823700961527,1.0,19.100796493239464,1.6486176152143441,15.558052625839256,0.47040449962014474,0.11323728834393375,0.07815607507909668,23.4375,0,21,PAF_vs_noPAF_subject_discrimination
n44,1,0.9,96.03362539865762,96.03362539865762,177.10929197857655,2.5385882473300505,1.0,96.03362539865762,0.6626164099262606,96.03362539865762,0.0,0.1519436643322352,0.12449335793258647,31.25,0,21,PAF_vs_noPAF_subject_discrimination
n45,1,0.9166666666666666,125.32094634597816,125.32094634597816,468.5478331541489,-0.7154592945235492,1.0,18.775307414471616,125.32094634597816,0.0,125.32094634597816,0.24075188488468396,0.3251001716940171,187.5,0,22,PAF_vs_noPAF_subject_discrimination
n46,1,0.85,1229.604683315702,1229.604683315702,130.92804320928005,20.545174773215464,1.0,1229.604683315702,1.2782288968523137,1229.604683315702,0.0,0.09593316292917063,0.09259791037349714,54.6875,0,22,PAF_vs_noPAF_subject_discrimination
n47,1,0.08333333333333333,8.978970877776666,3.7093392819062867,427.0140719548705,-0.0020170284841841252,1.0,3.781039975588633,8.978970877776666,3.7093392819062867,0.0,0.2548347561041173,0.23553762117375537,171.875,0,23,PAF_vs_noPAF_subject_discrimination
n48,1,0.9833333333333333,276.9773094232522,276.9773094232522,43.97239028716626,0.2261511893891639,1.0,276.9773094232522,1.626098343001284,276.9773094232522,0.0,0.10423735154451264,0.04777248907680507,31.25,0,23,PAF_vs_noPAF_subject_discrimination
n49,1,0.9333333333333333,959.3256367718548,959.3256367718548,10.801756926478681,0.4335923538717537,1.0,959.3256367718548,2.3198660821887627,959.3256367718548,0.0,0.05955813059176181,0.027504715356980708,7.8125,0,24,PAF_vs_noPAF_subject_discrimination
n50,1,0.9833333333333333,3674.1517865825217,3668.520853655221,8.568640086803796,0.6666426492917537,1.0,3674.1517865825217,5.246411738705698,3668.520853655221,2.6309329273004822,0.06710483474583871,0.028971765870774872,7.8125,0,24,PAF_vs_noPAF_subject_discrimination
