config,metric,observed,ci_low,ci_high,n_boot_valid
hrv_reduced_interpretable,auc,0.6544,0.5778,0.7337,500
hrv_reduced_interpretable,balanced_accuracy,0.64,0.5625,0.7188,500
hrv_reduced_interpretable,sensitivity,0.56,0.4,0.6994,500
hrv_reduced_interpretable,specificity,0.72,0.6,0.8667,500
hrv_reduced_interpretable,f1,0.6087,0.48,0.7059,500
hrv_reduced_interpretable,mcc,0.2837,0.1255,0.4499,500
hrv_reduced_interpretable,pairwise_concordance,0.72,0.6,0.871,500
B_SPC,auc,0.776,0.6937,0.8628,500
B_SPC,balanced_accuracy,0.7,0.6165,0.7857,500
B_SPC,sensitivity,0.68,0.5333,0.8235,500
B_SPC,specificity,0.72,0.5882,0.8667,500
B_SPC,f1,0.6939,0.5961,0.8,500
B_SPC,mcc,0.4003,0.2346,0.5751,500
B_SPC,pairwise_concordance,0.84,0.7333,0.9412,500
B_SPC_pruned,auc,0.776,0.6937,0.8628,500
B_SPC_pruned,balanced_accuracy,0.7,0.6165,0.7857,500
B_SPC_pruned,sensitivity,0.68,0.5333,0.8235,500
B_SPC_pruned,specificity,0.72,0.5882,0.8667,500
B_SPC_pruned,f1,0.6939,0.5961,0.8,500
B_SPC_pruned,mcc,0.4003,0.2346,0.5751,500
B_SPC_pruned,pairwise_concordance,0.84,0.7333,0.9412,500
C_HRV_SPC,auc,0.7664,0.6869,0.8605,500
C_HRV_SPC,balanced_accuracy,0.68,0.6,0.768,500
C_HRV_SPC,sensitivity,0.68,0.5333,0.8235,500
C_HRV_SPC,specificity,0.68,0.5358,0.8287,500
C_HRV_SPC,f1,0.68,0.5926,0.7742,500
C_HRV_SPC,mcc,0.36,0.2,0.5366,500
C_HRV_SPC,pairwise_concordance,0.84,0.7333,0.9412,500
D_HRV_SPC_Poincare,auc,0.776,0.6949,0.8677,500
D_HRV_SPC_Poincare,balanced_accuracy,0.68,0.6,0.768,500
D_HRV_SPC_Poincare,sensitivity,0.68,0.5333,0.8235,500
D_HRV_SPC_Poincare,specificity,0.68,0.5358,0.8287,500
D_HRV_SPC_Poincare,f1,0.68,0.5926,0.7742,500
D_HRV_SPC_Poincare,mcc,0.36,0.2,0.5366,500
D_HRV_SPC_Poincare,pairwise_concordance,0.84,0.7333,0.9412,500
