feature,mean_coef,std_coef,pct_folds_positive,sign_stable,direction,block
mr_max,1.0482,0.069,1.0,True,+,B_SPC
ewma_slope,1.0469,0.2935,1.0,True,+,B_SPC
shewhart_out_rate,0.7137,0.1039,1.0,True,+,B_SPC
shewhart_out_count,0.6259,0.1151,1.0,True,+,B_SPC
mr_out_count,0.5548,0.149,1.0,True,+,B_SPC
longest_run_below_median,-0.4779,0.2741,0.2,True,-,B_SPC
ewma_last,-0.4228,0.2409,0.0,True,-,B_SPC
mr_mean,0.32,0.1984,1.0,True,+,B_SPC
cusum_time_in_alarm,0.2908,0.1125,1.0,True,+,B_SPC
cusum_alarm_density,0.2896,0.1129,1.0,True,+,B_SPC
cusum_abs_max,-0.283,0.0817,0.0,True,-,B_SPC
cusum_last_neg,-0.2825,0.1699,0.0,True,-,B_SPC
mr_median,0.2769,0.081,1.0,True,+,B_SPC
cusum_pos_max,-0.2443,0.1137,0.0,True,-,B_SPC
cusum_neg_max,-0.2244,0.1543,0.0,True,-,B_SPC
ewma_max_abs,0.1659,0.1216,1.0,True,+,B_SPC
cusum_alarm_count,0.137,0.1165,0.8,True,+,B_SPC
longest_run_above_median,-0.1225,0.2858,0.2,True,-,B_SPC
ewma_alarm_count,0.0805,0.2821,0.6,False,+,B_SPC
cusum_last_pos,-0.0763,0.2007,0.2,True,-,B_SPC
shewhart_max_abs_z,-0.054,0.1553,0.4,False,-,B_SPC
n_runs_rule_violations,0.0438,0.172,0.6,False,+,B_SPC
trend_run_up_max,0.0415,0.2245,0.6,False,+,B_SPC
mr_mad,0.023,0.1975,0.6,False,+,B_SPC
trend_run_down_max,-0.0167,0.1792,0.8,True,-,B_SPC
ewma_slope,1.0963,0.3227,1.0,True,+,C_HRV_SPC
mr_max,0.9337,0.0792,1.0,True,+,C_HRV_SPC
shewhart_out_rate,0.6837,0.0989,1.0,True,+,C_HRV_SPC
shewhart_out_count,0.6052,0.1111,1.0,True,+,C_HRV_SPC
longest_run_below_median,-0.5055,0.2944,0.2,True,-,C_HRV_SPC
mr_out_count,0.5022,0.1532,1.0,True,+,C_HRV_SPC
rmssd,0.4598,0.104,1.0,True,+,C_HRV_SPC
ewma_last,-0.4224,0.2485,0.0,True,-,C_HRV_SPC
cusum_last_neg,-0.3198,0.1641,0.0,True,-,C_HRV_SPC
cusum_time_in_alarm,0.2998,0.1107,1.0,True,+,C_HRV_SPC
cusum_alarm_density,0.2986,0.1111,1.0,True,+,C_HRV_SPC
mr_median,0.2879,0.0752,1.0,True,+,C_HRV_SPC
cusum_abs_max,-0.2821,0.0823,0.0,True,-,C_HRV_SPC
cusum_neg_max,-0.2602,0.1538,0.0,True,-,C_HRV_SPC
cusum_pos_max,-0.2261,0.1083,0.0,True,-,C_HRV_SPC
cusum_alarm_count,0.1801,0.1056,1.0,True,+,C_HRV_SPC
ewma_max_abs,0.1636,0.1246,1.0,True,+,C_HRV_SPC
longest_run_above_median,-0.1382,0.2746,0.2,True,-,C_HRV_SPC
sd2,0.0997,0.0887,0.8,True,+,C_HRV_SPC
ewma_alarm_count,0.0986,0.2726,0.6,False,+,C_HRV_SPC
cv_rr,-0.0773,0.0825,0.2,True,-,C_HRV_SPC
trend_run_up_max,0.0773,0.2208,0.8,True,+,C_HRV_SPC
mr_mean,0.0635,0.1215,0.8,True,+,C_HRV_SPC
trend_run_down_max,-0.0495,0.1745,0.6,False,-,C_HRV_SPC
shewhart_max_abs_z,-0.0415,0.1617,0.4,False,-,C_HRV_SPC
cusum_last_pos,-0.041,0.1916,0.4,False,-,C_HRV_SPC
n_runs_rule_violations,0.0361,0.1803,0.6,False,+,C_HRV_SPC
mr_mad,0.0331,0.1787,0.6,False,+,C_HRV_SPC
ewma_slope,1.0453,0.3136,1.0,True,+,D_HRV_SPC_Poi
mr_max,0.8882,0.0971,1.0,True,+,D_HRV_SPC_Poi
sd1_sd2_ratio,0.6016,0.1142,1.0,True,+,D_HRV_SPC_Poi
shewhart_out_rate,0.5989,0.0907,1.0,True,+,D_HRV_SPC_Poi
shewhart_out_count,0.5283,0.1018,1.0,True,+,D_HRV_SPC_Poi
ewma_last,-0.4807,0.2535,0.0,True,-,D_HRV_SPC_Poi
longest_run_below_median,-0.4621,0.3182,0.2,True,-,D_HRV_SPC_Poi
mr_out_count,0.3971,0.1724,1.0,True,+,D_HRV_SPC_Poi
cusum_time_in_alarm,0.3406,0.1166,1.0,True,+,D_HRV_SPC_Poi
cusum_alarm_density,0.3395,0.117,1.0,True,+,D_HRV_SPC_Poi
cusum_last_neg,-0.3193,0.1576,0.0,True,-,D_HRV_SPC_Poi
mr_median,0.2882,0.0763,1.0,True,+,D_HRV_SPC_Poi
cusum_abs_max,-0.2601,0.0845,0.0,True,-,D_HRV_SPC_Poi
cusum_neg_max,-0.2489,0.1519,0.0,True,-,D_HRV_SPC_Poi
cusum_pos_max,-0.2082,0.1019,0.0,True,-,D_HRV_SPC_Poi
cusum_alarm_count,0.2039,0.1008,1.0,True,+,D_HRV_SPC_Poi
sd2,0.1914,0.0789,1.0,True,+,D_HRV_SPC_Poi
sd2,0.1914,0.0789,1.0,True,+,D_HRV_SPC_Poi
rmssd,0.1643,0.0586,1.0,True,+,D_HRV_SPC_Poi
sd1,0.1643,0.0586,1.0,True,+,D_HRV_SPC_Poi
cv_rr,-0.1513,0.0747,0.0,True,-,D_HRV_SPC_Poi
trend_run_up_max,0.1408,0.2265,0.8,True,+,D_HRV_SPC_Poi
mr_mean,-0.1019,0.1128,0.2,True,-,D_HRV_SPC_Poi
ewma_max_abs,0.0996,0.1257,0.6,False,+,D_HRV_SPC_Poi
n_runs_rule_violations,0.0851,0.1931,0.6,False,+,D_HRV_SPC_Poi
ewma_alarm_count,0.0824,0.268,0.6,False,+,D_HRV_SPC_Poi
trend_run_down_max,-0.0704,0.1879,0.4,False,-,D_HRV_SPC_Poi
mr_mad,0.0632,0.1674,0.6,False,+,D_HRV_SPC_Poi
longest_run_above_median,-0.0575,0.2579,0.2,True,-,D_HRV_SPC_Poi
shewhart_max_abs_z,-0.0344,0.1608,0.4,False,-,D_HRV_SPC_Poi
cusum_last_pos,-0.0181,0.1769,0.4,False,-,D_HRV_SPC_Poi
