auc,balanced_accuracy,sensitivity,specificity,precision,f1,mcc,tp,tn,fp,fn,n_val,fold,model,block,window_type,window_size,n_features_used
0.6000000000000001,0.6000000000000001,0.8,0.4,0.5714285714285714,0.6666666666666666,0.2182178902359924,4,2,3,1,10,1,LogReg,A_HRV,full_record,1800.0,9
0.8400000000000001,0.6,0.2,1.0,1.0,0.3333333333333333,0.3333333333333333,1,5,0,4,10,2,LogReg,A_HRV,full_record,1800.0,9
0.6799999999999999,0.5,0.2,0.8,0.5,0.2857142857142857,0.0,1,4,1,4,10,3,LogReg,A_HRV,full_record,1800.0,9
0.64,0.6000000000000001,0.4,0.8,0.6666666666666666,0.5,0.2182178902359924,2,4,1,3,10,4,LogReg,A_HRV,full_record,1800.0,9
0.52,0.5,0.6,0.4,0.5,0.5454545454545454,0.0,3,2,3,2,10,5,LogReg,A_HRV,full_record,1800.0,9
0.72,0.7,0.8,0.6,0.6666666666666666,0.7272727272727273,0.408248290463863,4,3,2,1,10,1,RandomForest,A_HRV,full_record,1800.0,9
0.92,0.7,0.6,0.8,0.75,0.6666666666666666,0.408248290463863,3,4,1,2,10,2,RandomForest,A_HRV,full_record,1800.0,9
0.6799999999999999,0.5,0.2,0.8,0.5,0.2857142857142857,0.0,1,4,1,4,10,3,RandomForest,A_HRV,full_record,1800.0,9
0.48,0.6000000000000001,0.8,0.4,0.5714285714285714,0.6666666666666666,0.2182178902359924,4,2,3,1,10,4,RandomForest,A_HRV,full_record,1800.0,9
0.44,0.30000000000000004,0.4,0.2,0.3333333333333333,0.36363636363636365,-0.408248290463863,2,1,4,3,10,5,RandomForest,A_HRV,full_record,1800.0,9
0.48,0.6000000000000001,0.8,0.4,0.5714285714285714,0.6666666666666666,0.2182178902359924,4,2,3,1,10,1,SVM_linear,A_HRV,full_record,1800.0,9
0.68,0.8,0.6,1.0,1.0,0.75,0.6546536707079772,3,5,0,2,10,2,SVM_linear,A_HRV,full_record,1800.0,9
0.72,0.5,0.2,0.8,0.5,0.2857142857142857,0.0,1,4,1,4,10,3,SVM_linear,A_HRV,full_record,1800.0,9
0.76,0.6,0.6,0.6,0.6,0.6,0.2,3,3,2,2,10,4,SVM_linear,A_HRV,full_record,1800.0,9
0.56,0.5,0.6,0.4,0.5,0.5454545454545454,0.0,3,2,3,2,10,5,SVM_linear,A_HRV,full_record,1800.0,9
0.6799999999999999,0.5,0.2,0.8,0.5,0.2857142857142857,0.0,1,4,1,4,10,1,LogReg,B_SPC,full_record,1800.0,30
0.8800000000000001,0.9,1.0,0.8,0.8333333333333334,0.9090909090909091,0.816496580927726,5,4,1,0,10,2,LogReg,B_SPC,full_record,1800.0,30
0.92,0.7,0.6,0.8,0.75,0.6666666666666666,0.408248290463863,3,4,1,2,10,3,LogReg,B_SPC,full_record,1800.0,30
0.64,0.6,0.6,0.6,0.6,0.6,0.2,3,3,2,2,10,4,LogReg,B_SPC,full_record,1800.0,30
0.88,0.8,1.0,0.6,0.7142857142857143,0.8333333333333334,0.6546536707079772,5,3,2,0,10,5,LogReg,B_SPC,full_record,1800.0,30
0.6000000000000001,0.6,0.6,0.6,0.6,0.6,0.2,3,3,2,2,10,1,RandomForest,B_SPC,full_record,1800.0,30
0.8,0.9,1.0,0.8,0.8333333333333334,0.9090909090909091,0.816496580927726,5,4,1,0,10,2,RandomForest,B_SPC,full_record,1800.0,30
0.64,0.7,0.6,0.8,0.75,0.6666666666666666,0.408248290463863,3,4,1,2,10,3,RandomForest,B_SPC,full_record,1800.0,30
0.6,0.5,0.4,0.6,0.5,0.4444444444444444,0.0,2,3,2,3,10,4,RandomForest,B_SPC,full_record,1800.0,30
0.88,0.9,0.8,1.0,1.0,0.8888888888888888,0.816496580927726,4,5,0,1,10,5,RandomForest,B_SPC,full_record,1800.0,30
0.6799999999999999,0.7,0.6,0.8,0.75,0.6666666666666666,0.408248290463863,3,4,1,2,10,1,SVM_linear,B_SPC,full_record,1800.0,30
0.76,0.8,1.0,0.6,0.7142857142857143,0.8333333333333334,0.6546536707079772,5,3,2,0,10,2,SVM_linear,B_SPC,full_record,1800.0,30
1.0,1.0,1.0,1.0,1.0,1.0,1.0,5,5,0,0,10,3,SVM_linear,B_SPC,full_record,1800.0,30
0.6000000000000001,0.5,0.4,0.6,0.5,0.4444444444444444,0.0,2,3,2,3,10,4,SVM_linear,B_SPC,full_record,1800.0,30
0.8,0.7,1.0,0.4,0.625,0.7692307692307693,0.5,5,2,3,0,10,5,SVM_linear,B_SPC,full_record,1800.0,30
0.68,0.5,0.2,0.8,0.5,0.2857142857142857,0.0,1,4,1,4,10,1,LogReg,C_HRV_SPC,full_record,1800.0,39
0.8800000000000001,0.9,1.0,0.8,0.8333333333333334,0.9090909090909091,0.816496580927726,5,4,1,0,10,2,LogReg,C_HRV_SPC,full_record,1800.0,39
0.76,0.7,0.6,0.8,0.75,0.6666666666666666,0.408248290463863,3,4,1,2,10,3,LogReg,C_HRV_SPC,full_record,1800.0,39
0.56,0.6,0.6,0.6,0.6,0.6,0.2,3,3,2,2,10,4,LogReg,C_HRV_SPC,full_record,1800.0,39
0.8400000000000001,0.7,0.8,0.6,0.6666666666666666,0.7272727272727273,0.408248290463863,4,3,2,1,10,5,LogReg,C_HRV_SPC,full_record,1800.0,39
0.72,0.7,0.8,0.6,0.6666666666666666,0.7272727272727273,0.408248290463863,4,3,2,1,10,1,RandomForest,C_HRV_SPC,full_record,1800.0,39
0.8400000000000001,0.9,1.0,0.8,0.8333333333333334,0.9090909090909091,0.816496580927726,5,4,1,0,10,2,RandomForest,C_HRV_SPC,full_record,1800.0,39
0.76,0.7,0.6,0.8,0.75,0.6666666666666666,0.408248290463863,3,4,1,2,10,3,RandomForest,C_HRV_SPC,full_record,1800.0,39
0.72,0.7,0.6,0.8,0.75,0.6666666666666666,0.408248290463863,3,4,1,2,10,4,RandomForest,C_HRV_SPC,full_record,1800.0,39
0.88,0.7,1.0,0.4,0.625,0.7692307692307693,0.5,5,2,3,0,10,5,RandomForest,C_HRV_SPC,full_record,1800.0,39
0.6799999999999999,0.7,0.6,0.8,0.75,0.6666666666666666,0.408248290463863,3,4,1,2,10,1,SVM_linear,C_HRV_SPC,full_record,1800.0,39
0.36,0.3,0.0,0.6,0.0,0.0,-0.5,0,3,2,5,10,2,SVM_linear,C_HRV_SPC,full_record,1800.0,39
0.76,0.7,0.6,0.8,0.75,0.6666666666666666,0.408248290463863,3,4,1,2,10,3,SVM_linear,C_HRV_SPC,full_record,1800.0,39
0.6,0.5,0.4,0.6,0.5,0.4444444444444444,0.0,2,3,2,3,10,4,SVM_linear,C_HRV_SPC,full_record,1800.0,39
0.72,0.5,0.6,0.4,0.5,0.5454545454545454,0.0,3,2,3,2,10,5,SVM_linear,C_HRV_SPC,full_record,1800.0,39
0.68,0.5,0.2,0.8,0.5,0.2857142857142857,0.0,1,4,1,4,10,1,LogReg,D_HRV_SPC_Poincare,full_record,1800.0,42
0.92,0.9,1.0,0.8,0.8333333333333334,0.9090909090909091,0.816496580927726,5,4,1,0,10,2,LogReg,D_HRV_SPC_Poincare,full_record,1800.0,42
0.76,0.7,0.6,0.8,0.75,0.6666666666666666,0.408248290463863,3,4,1,2,10,3,LogReg,D_HRV_SPC_Poincare,full_record,1800.0,42
0.6,0.6,0.6,0.6,0.6,0.6,0.2,3,3,2,2,10,4,LogReg,D_HRV_SPC_Poincare,full_record,1800.0,42
0.8400000000000001,0.7,0.8,0.6,0.6666666666666666,0.7272727272727273,0.408248290463863,4,3,2,1,10,5,LogReg,D_HRV_SPC_Poincare,full_record,1800.0,42
0.76,0.6000000000000001,0.8,0.4,0.5714285714285714,0.6666666666666666,0.2182178902359924,4,2,3,1,10,1,RandomForest,D_HRV_SPC_Poincare,full_record,1800.0,42
0.8400000000000001,0.8,0.8,0.8,0.8,0.8,0.6,4,4,1,1,10,2,RandomForest,D_HRV_SPC_Poincare,full_record,1800.0,42
0.72,0.6000000000000001,0.4,0.8,0.6666666666666666,0.5,0.2182178902359924,2,4,1,3,10,3,RandomForest,D_HRV_SPC_Poincare,full_record,1800.0,42
0.64,0.7,0.6,0.8,0.75,0.6666666666666666,0.408248290463863,3,4,1,2,10,4,RandomForest,D_HRV_SPC_Poincare,full_record,1800.0,42
0.8800000000000001,0.8,1.0,0.6,0.7142857142857143,0.8333333333333334,0.6546536707079772,5,3,2,0,10,5,RandomForest,D_HRV_SPC_Poincare,full_record,1800.0,42
0.6799999999999999,0.6000000000000001,0.4,0.8,0.6666666666666666,0.5,0.2182178902359924,2,4,1,3,10,1,SVM_linear,D_HRV_SPC_Poincare,full_record,1800.0,42
0.6,0.5,0.4,0.6,0.5,0.4444444444444444,0.0,2,3,2,3,10,2,SVM_linear,D_HRV_SPC_Poincare,full_record,1800.0,42
0.76,0.7,0.6,0.8,0.75,0.6666666666666666,0.408248290463863,3,4,1,2,10,3,SVM_linear,D_HRV_SPC_Poincare,full_record,1800.0,42
0.56,0.5,0.4,0.6,0.5,0.4444444444444444,0.0,2,3,2,3,10,4,SVM_linear,D_HRV_SPC_Poincare,full_record,1800.0,42
0.6799999999999999,0.5,0.6,0.4,0.5,0.5454545454545454,0.0,3,2,3,2,10,5,SVM_linear,D_HRV_SPC_Poincare,full_record,1800.0,42
0.76,0.5,0.2,0.8,0.5,0.2857142857142857,0.0,1,4,1,4,10,1,LogReg,E_HRV_SPC_Poincare_Ectopy,full_record,1800.0,49
0.9600000000000001,0.9,1.0,0.8,0.8333333333333334,0.9090909090909091,0.816496580927726,5,4,1,0,10,2,LogReg,E_HRV_SPC_Poincare_Ectopy,full_record,1800.0,49
0.72,0.7,0.6,0.8,0.75,0.6666666666666666,0.408248290463863,3,4,1,2,10,3,LogReg,E_HRV_SPC_Poincare_Ectopy,full_record,1800.0,49
0.64,0.6,0.6,0.6,0.6,0.6,0.2,3,3,2,2,10,4,LogReg,E_HRV_SPC_Poincare_Ectopy,full_record,1800.0,49
0.88,0.6000000000000001,0.8,0.4,0.5714285714285714,0.6666666666666666,0.2182178902359924,4,2,3,1,10,5,LogReg,E_HRV_SPC_Poincare_Ectopy,full_record,1800.0,49
0.64,0.6000000000000001,0.8,0.4,0.5714285714285714,0.6666666666666666,0.2182178902359924,4,2,3,1,10,1,RandomForest,E_HRV_SPC_Poincare_Ectopy,full_record,1800.0,49
0.8,0.9,1.0,0.8,0.8333333333333334,0.9090909090909091,0.816496580927726,5,4,1,0,10,2,RandomForest,E_HRV_SPC_Poincare_Ectopy,full_record,1800.0,49
0.8,0.6000000000000001,0.4,0.8,0.6666666666666666,0.5,0.2182178902359924,2,4,1,3,10,3,RandomForest,E_HRV_SPC_Poincare_Ectopy,full_record,1800.0,49
0.6400000000000001,0.6000000000000001,0.4,0.8,0.6666666666666666,0.5,0.2182178902359924,2,4,1,3,10,4,RandomForest,E_HRV_SPC_Poincare_Ectopy,full_record,1800.0,49
0.92,0.8,1.0,0.6,0.7142857142857143,0.8333333333333334,0.6546536707079772,5,3,2,0,10,5,RandomForest,E_HRV_SPC_Poincare_Ectopy,full_record,1800.0,49
0.6799999999999999,0.6000000000000001,0.4,0.8,0.6666666666666666,0.5,0.2182178902359924,2,4,1,3,10,1,SVM_linear,E_HRV_SPC_Poincare_Ectopy,full_record,1800.0,49
0.7200000000000001,0.8,0.8,0.8,0.8,0.8,0.6,4,4,1,1,10,2,SVM_linear,E_HRV_SPC_Poincare_Ectopy,full_record,1800.0,49
0.72,0.7,0.6,0.8,0.75,0.6666666666666666,0.408248290463863,3,4,1,2,10,3,SVM_linear,E_HRV_SPC_Poincare_Ectopy,full_record,1800.0,49
0.6,0.6,0.6,0.6,0.6,0.6,0.2,3,3,2,2,10,4,SVM_linear,E_HRV_SPC_Poincare_Ectopy,full_record,1800.0,49
0.72,0.6,1.0,0.2,0.5555555555555556,0.7142857142857143,0.3333333333333333,5,1,4,0,10,5,SVM_linear,E_HRV_SPC_Poincare_Ectopy,full_record,1800.0,49
0.6,0.4,0.6,0.2,0.42857142857142855,0.5,-0.2182178902359924,3,1,4,2,10,1,LogReg,A_HRV,rr_count,50.0,9
0.4,0.6000000000000001,0.4,0.8,0.6666666666666666,0.5,0.2182178902359924,2,4,1,3,10,2,LogReg,A_HRV,rr_count,50.0,9
0.36,0.4,0.2,0.6,0.3333333333333333,0.25,-0.2182178902359924,1,3,2,4,10,3,LogReg,A_HRV,rr_count,50.0,9
0.44000000000000006,0.6000000000000001,0.8,0.4,0.5714285714285714,0.6666666666666666,0.2182178902359924,4,2,3,1,10,4,LogReg,A_HRV,rr_count,50.0,9
0.52,0.4,0.4,0.4,0.4,0.4,-0.2,2,2,3,3,10,5,LogReg,A_HRV,rr_count,50.0,9
0.8,0.6000000000000001,0.4,0.8,0.6666666666666666,0.5,0.2182178902359924,2,4,1,3,10,1,RandomForest,A_HRV,rr_count,50.0,9
0.44000000000000006,0.5,0.4,0.6,0.5,0.4444444444444444,0.0,2,3,2,3,10,2,RandomForest,A_HRV,rr_count,50.0,9
0.48,0.5,0.4,0.6,0.5,0.4444444444444444,0.0,2,3,2,3,10,3,RandomForest,A_HRV,rr_count,50.0,9
0.27999999999999997,0.4,0.4,0.4,0.4,0.4,-0.2,2,2,3,3,10,4,RandomForest,A_HRV,rr_count,50.0,9
0.5599999999999999,0.5,0.6,0.4,0.5,0.5454545454545454,0.0,3,2,3,2,10,5,RandomForest,A_HRV,rr_count,50.0,9
0.36,0.4,0.2,0.6,0.3333333333333333,0.25,-0.2182178902359924,1,3,2,4,10,1,SVM_linear,A_HRV,rr_count,50.0,9
0.7200000000000002,0.6000000000000001,0.8,0.4,0.5714285714285714,0.6666666666666666,0.2182178902359924,4,2,3,1,10,2,SVM_linear,A_HRV,rr_count,50.0,9
0.56,0.5,0.4,0.6,0.5,0.4444444444444444,0.0,2,3,2,3,10,3,SVM_linear,A_HRV,rr_count,50.0,9
0.44000000000000006,0.6000000000000001,0.8,0.4,0.5714285714285714,0.6666666666666666,0.2182178902359924,4,2,3,1,10,4,SVM_linear,A_HRV,rr_count,50.0,9
0.52,0.4,0.4,0.4,0.4,0.4,-0.2,2,2,3,3,10,5,SVM_linear,A_HRV,rr_count,50.0,9
0.48,0.5,0.4,0.6,0.5,0.4444444444444444,0.0,2,3,2,3,10,1,LogReg,B_SPC,rr_count,50.0,30
0.72,0.6,0.6,0.6,0.6,0.6,0.2,3,3,2,2,10,2,LogReg,B_SPC,rr_count,50.0,30
0.6,0.4,0.2,0.6,0.3333333333333333,0.25,-0.2182178902359924,1,3,2,4,10,3,LogReg,B_SPC,rr_count,50.0,30
0.36,0.5,0.4,0.6,0.5,0.4444444444444444,0.0,2,3,2,3,10,4,LogReg,B_SPC,rr_count,50.0,30
0.76,0.7,0.8,0.6,0.6666666666666666,0.7272727272727273,0.408248290463863,4,3,2,1,10,5,LogReg,B_SPC,rr_count,50.0,30
0.5,0.6,0.6,0.6,0.6,0.6,0.2,3,3,2,2,10,1,RandomForest,B_SPC,rr_count,50.0,30
0.9600000000000001,0.9,1.0,0.8,0.8333333333333334,0.9090909090909091,0.816496580927726,5,4,1,0,10,2,RandomForest,B_SPC,rr_count,50.0,30
0.6,0.6,0.6,0.6,0.6,0.6,0.2,3,3,2,2,10,3,RandomForest,B_SPC,rr_count,50.0,30
0.6,0.7,0.6,0.8,0.75,0.6666666666666666,0.408248290463863,3,4,1,2,10,4,RandomForest,B_SPC,rr_count,50.0,30
0.9600000000000001,0.8,0.8,0.8,0.8,0.8,0.6,4,4,1,1,10,5,RandomForest,B_SPC,rr_count,50.0,30
0.48,0.5,0.2,0.8,0.5,0.2857142857142857,0.0,1,4,1,4,10,1,SVM_linear,B_SPC,rr_count,50.0,30
0.31999999999999995,0.4,0.4,0.4,0.4,0.4,-0.2,2,2,3,3,10,2,SVM_linear,B_SPC,rr_count,50.0,30
0.48,0.4,0.2,0.6,0.3333333333333333,0.25,-0.2182178902359924,1,3,2,4,10,3,SVM_linear,B_SPC,rr_count,50.0,30
0.0,0.1,0.2,0.0,0.16666666666666666,0.18181818181818182,-0.816496580927726,1,0,5,4,10,4,SVM_linear,B_SPC,rr_count,50.0,30
0.31999999999999995,0.4,0.2,0.6,0.3333333333333333,0.25,-0.2182178902359924,1,3,2,4,10,5,SVM_linear,B_SPC,rr_count,50.0,30
0.52,0.5,0.4,0.6,0.5,0.4444444444444444,0.0,2,3,2,3,10,1,LogReg,C_HRV_SPC,rr_count,50.0,39
0.84,0.7,0.8,0.6,0.6666666666666666,0.7272727272727273,0.408248290463863,4,3,2,1,10,2,LogReg,C_HRV_SPC,rr_count,50.0,39
0.6,0.3,0.0,0.6,0.0,0.0,-0.5,0,3,2,5,10,3,LogReg,C_HRV_SPC,rr_count,50.0,39
0.56,0.5,0.4,0.6,0.5,0.4444444444444444,0.0,2,3,2,3,10,4,LogReg,C_HRV_SPC,rr_count,50.0,39
0.8,0.8,0.8,0.8,0.8,0.8,0.6,4,4,1,1,10,5,LogReg,C_HRV_SPC,rr_count,50.0,39
0.5599999999999999,0.5,0.4,0.6,0.5,0.4444444444444444,0.0,2,3,2,3,10,1,RandomForest,C_HRV_SPC,rr_count,50.0,39
0.8400000000000001,0.9,1.0,0.8,0.8333333333333334,0.9090909090909091,0.816496580927726,5,4,1,0,10,2,RandomForest,C_HRV_SPC,rr_count,50.0,39
0.64,0.7,0.6,0.8,0.75,0.6666666666666666,0.408248290463863,3,4,1,2,10,3,RandomForest,C_HRV_SPC,rr_count,50.0,39
0.6,0.6,0.6,0.6,0.6,0.6,0.2,3,3,2,2,10,4,RandomForest,C_HRV_SPC,rr_count,50.0,39
0.92,0.9,1.0,0.8,0.8333333333333334,0.9090909090909091,0.816496580927726,5,4,1,0,10,5,RandomForest,C_HRV_SPC,rr_count,50.0,39
0.28,0.5,0.2,0.8,0.5,0.2857142857142857,0.0,1,4,1,4,10,1,SVM_linear,C_HRV_SPC,rr_count,50.0,39
0.88,0.9,0.8,1.0,1.0,0.8888888888888888,0.816496580927726,4,5,0,1,10,2,SVM_linear,C_HRV_SPC,rr_count,50.0,39
0.52,0.3,0.0,0.6,0.0,0.0,-0.5,0,3,2,5,10,3,SVM_linear,C_HRV_SPC,rr_count,50.0,39
0.52,0.4,0.8,0.0,0.4444444444444444,0.5714285714285714,-0.3333333333333333,4,0,5,1,10,4,SVM_linear,C_HRV_SPC,rr_count,50.0,39
0.44,0.4,0.6,0.2,0.42857142857142855,0.5,-0.2182178902359924,3,1,4,2,10,5,SVM_linear,C_HRV_SPC,rr_count,50.0,39
0.56,0.6000000000000001,0.4,0.8,0.6666666666666666,0.5,0.2182178902359924,2,4,1,3,10,1,LogReg,D_HRV_SPC_Poincare,rr_count,50.0,42
0.8400000000000001,0.7,0.8,0.6,0.6666666666666666,0.7272727272727273,0.408248290463863,4,3,2,1,10,2,LogReg,D_HRV_SPC_Poincare,rr_count,50.0,42
0.6,0.3,0.0,0.6,0.0,0.0,-0.5,0,3,2,5,10,3,LogReg,D_HRV_SPC_Poincare,rr_count,50.0,42
0.5599999999999999,0.5,0.8,0.2,0.5,0.6153846153846154,0.0,4,1,4,1,10,4,LogReg,D_HRV_SPC_Poincare,rr_count,50.0,42
0.8,0.7,0.6,0.8,0.75,0.6666666666666666,0.408248290463863,3,4,1,2,10,5,LogReg,D_HRV_SPC_Poincare,rr_count,50.0,42
0.6000000000000001,0.5,0.4,0.6,0.5,0.4444444444444444,0.0,2,3,2,3,10,1,RandomForest,D_HRV_SPC_Poincare,rr_count,50.0,42
0.8400000000000001,0.9,1.0,0.8,0.8333333333333334,0.9090909090909091,0.816496580927726,5,4,1,0,10,2,RandomForest,D_HRV_SPC_Poincare,rr_count,50.0,42
0.6,0.6000000000000001,0.4,0.8,0.6666666666666666,0.5,0.2182178902359924,2,4,1,3,10,3,RandomForest,D_HRV_SPC_Poincare,rr_count,50.0,42
0.6000000000000001,0.5,0.4,0.6,0.5,0.4444444444444444,0.0,2,3,2,3,10,4,RandomForest,D_HRV_SPC_Poincare,rr_count,50.0,42
0.92,0.8,0.8,0.8,0.8,0.8,0.6,4,4,1,1,10,5,RandomForest,D_HRV_SPC_Poincare,rr_count,50.0,42
0.32,0.4,0.2,0.6,0.3333333333333333,0.25,-0.2182178902359924,1,3,2,4,10,1,SVM_linear,D_HRV_SPC_Poincare,rr_count,50.0,42
0.88,0.9,0.8,1.0,1.0,0.8888888888888888,0.816496580927726,4,5,0,1,10,2,SVM_linear,D_HRV_SPC_Poincare,rr_count,50.0,42
0.52,0.3,0.0,0.6,0.0,0.0,-0.5,0,3,2,5,10,3,SVM_linear,D_HRV_SPC_Poincare,rr_count,50.0,42
0.52,0.4,0.8,0.0,0.4444444444444444,0.5714285714285714,-0.3333333333333333,4,0,5,1,10,4,SVM_linear,D_HRV_SPC_Poincare,rr_count,50.0,42
0.32,0.4,0.6,0.2,0.42857142857142855,0.5,-0.2182178902359924,3,1,4,2,10,5,SVM_linear,D_HRV_SPC_Poincare,rr_count,50.0,42
0.56,0.6000000000000001,0.4,0.8,0.6666666666666666,0.5,0.2182178902359924,2,4,1,3,10,1,LogReg,E_HRV_SPC_Poincare_Ectopy,rr_count,50.0,49
0.8400000000000001,0.8,1.0,0.6,0.7142857142857143,0.8333333333333334,0.6546536707079772,5,3,2,0,10,2,LogReg,E_HRV_SPC_Poincare_Ectopy,rr_count,50.0,49
0.56,0.5,0.2,0.8,0.5,0.2857142857142857,0.0,1,4,1,4,10,3,LogReg,E_HRV_SPC_Poincare_Ectopy,rr_count,50.0,49
0.6400000000000001,0.5,0.6,0.4,0.5,0.5454545454545454,0.0,3,2,3,2,10,4,LogReg,E_HRV_SPC_Poincare_Ectopy,rr_count,50.0,49
0.8,0.6000000000000001,0.8,0.4,0.5714285714285714,0.6666666666666666,0.2182178902359924,4,2,3,1,10,5,LogReg,E_HRV_SPC_Poincare_Ectopy,rr_count,50.0,49
0.64,0.6,0.6,0.6,0.6,0.6,0.2,3,3,2,2,10,1,RandomForest,E_HRV_SPC_Poincare_Ectopy,rr_count,50.0,49
0.8,0.9,1.0,0.8,0.8333333333333334,0.9090909090909091,0.816496580927726,5,4,1,0,10,2,RandomForest,E_HRV_SPC_Poincare_Ectopy,rr_count,50.0,49
0.6799999999999999,0.6000000000000001,0.4,0.8,0.6666666666666666,0.5,0.2182178902359924,2,4,1,3,10,3,RandomForest,E_HRV_SPC_Poincare_Ectopy,rr_count,50.0,49
0.68,0.8,0.8,0.8,0.8,0.8,0.6,4,4,1,1,10,4,RandomForest,E_HRV_SPC_Poincare_Ectopy,rr_count,50.0,49
0.9600000000000001,0.9,1.0,0.8,0.8333333333333334,0.9090909090909091,0.816496580927726,5,4,1,0,10,5,RandomForest,E_HRV_SPC_Poincare_Ectopy,rr_count,50.0,49
0.56,0.6,0.2,1.0,1.0,0.3333333333333333,0.3333333333333333,1,5,0,4,10,1,SVM_linear,E_HRV_SPC_Poincare_Ectopy,rr_count,50.0,49
1.0,0.9,1.0,0.8,0.8333333333333334,0.9090909090909091,0.816496580927726,5,4,1,0,10,2,SVM_linear,E_HRV_SPC_Poincare_Ectopy,rr_count,50.0,49
0.48,0.5,0.2,0.8,0.5,0.2857142857142857,0.0,1,4,1,4,10,3,SVM_linear,E_HRV_SPC_Poincare_Ectopy,rr_count,50.0,49
0.48,0.5,0.6,0.4,0.5,0.5454545454545454,0.0,3,2,3,2,10,4,SVM_linear,E_HRV_SPC_Poincare_Ectopy,rr_count,50.0,49
0.31999999999999995,0.4,0.2,0.6,0.3333333333333333,0.25,-0.2182178902359924,1,3,2,4,10,5,SVM_linear,E_HRV_SPC_Poincare_Ectopy,rr_count,50.0,49
0.36,0.4,0.2,0.6,0.3333333333333333,0.25,-0.2182178902359924,1,3,2,4,10,1,LogReg,A_HRV,rr_count,100.0,9
0.4800000000000001,0.5,0.4,0.6,0.5,0.4444444444444444,0.0,2,3,2,3,10,2,LogReg,A_HRV,rr_count,100.0,9
0.4,0.4,0.2,0.6,0.3333333333333333,0.25,-0.2182178902359924,1,3,2,4,10,3,LogReg,A_HRV,rr_count,100.0,9
0.36,0.4,0.4,0.4,0.4,0.4,-0.2,2,2,3,3,10,4,LogReg,A_HRV,rr_count,100.0,9
0.44,0.5,0.4,0.6,0.5,0.4444444444444444,0.0,2,3,2,3,10,5,LogReg,A_HRV,rr_count,100.0,9
0.68,0.6000000000000001,0.8,0.4,0.5714285714285714,0.6666666666666666,0.2182178902359924,4,2,3,1,10,1,RandomForest,A_HRV,rr_count,100.0,9
0.44000000000000006,0.4,0.4,0.4,0.4,0.4,-0.2,2,2,3,3,10,2,RandomForest,A_HRV,rr_count,100.0,9
0.39999999999999997,0.5,0.6,0.4,0.5,0.5454545454545454,0.0,3,2,3,2,10,3,RandomForest,A_HRV,rr_count,100.0,9
0.48,0.5,0.4,0.6,0.5,0.4444444444444444,0.0,2,3,2,3,10,4,RandomForest,A_HRV,rr_count,100.0,9
0.76,0.6000000000000001,0.8,0.4,0.5714285714285714,0.6666666666666666,0.2182178902359924,4,2,3,1,10,5,RandomForest,A_HRV,rr_count,100.0,9
0.64,0.5,0.4,0.6,0.5,0.4444444444444444,0.0,2,3,2,3,10,1,SVM_linear,A_HRV,rr_count,100.0,9
0.68,0.5,0.2,0.8,0.5,0.2857142857142857,0.0,1,4,1,4,10,2,SVM_linear,A_HRV,rr_count,100.0,9
0.68,0.5,0.4,0.6,0.5,0.4444444444444444,0.0,2,3,2,3,10,3,SVM_linear,A_HRV,rr_count,100.0,9
0.52,0.5,0.8,0.2,0.5,0.6153846153846154,0.0,4,1,4,1,10,4,SVM_linear,A_HRV,rr_count,100.0,9
0.48,0.5,0.4,0.6,0.5,0.4444444444444444,0.0,2,3,2,3,10,5,SVM_linear,A_HRV,rr_count,100.0,9
0.44,0.4,0.2,0.6,0.3333333333333333,0.25,-0.2182178902359924,1,3,2,4,10,1,LogReg,B_SPC,rr_count,100.0,30
1.0,0.9,1.0,0.8,0.8333333333333334,0.9090909090909091,0.816496580927726,5,4,1,0,10,2,LogReg,B_SPC,rr_count,100.0,30
0.52,0.6,0.6,0.6,0.6,0.6,0.2,3,3,2,2,10,3,LogReg,B_SPC,rr_count,100.0,30
0.6,0.6,0.6,0.6,0.6,0.6,0.2,3,3,2,2,10,4,LogReg,B_SPC,rr_count,100.0,30
0.88,0.8,0.8,0.8,0.8,0.8,0.6,4,4,1,1,10,5,LogReg,B_SPC,rr_count,100.0,30
0.64,0.6,0.6,0.6,0.6,0.6,0.2,3,3,2,2,10,1,RandomForest,B_SPC,rr_count,100.0,30
1.0,0.9,1.0,0.8,0.8333333333333334,0.9090909090909091,0.816496580927726,5,4,1,0,10,2,RandomForest,B_SPC,rr_count,100.0,30
0.64,0.7,0.6,0.8,0.75,0.6666666666666666,0.408248290463863,3,4,1,2,10,3,RandomForest,B_SPC,rr_count,100.0,30
0.6799999999999999,0.5,0.6,0.4,0.5,0.5454545454545454,0.0,3,2,3,2,10,4,RandomForest,B_SPC,rr_count,100.0,30
1.0,1.0,1.0,1.0,1.0,1.0,1.0,5,5,0,0,10,5,RandomForest,B_SPC,rr_count,100.0,30
0.36,0.30000000000000004,0.4,0.2,0.3333333333333333,0.36363636363636365,-0.408248290463863,2,1,4,3,10,1,SVM_linear,B_SPC,rr_count,100.0,30
1.0,0.9,0.8,1.0,1.0,0.8888888888888888,0.816496580927726,4,5,0,1,10,2,SVM_linear,B_SPC,rr_count,100.0,30
0.43999999999999995,0.5,0.6,0.4,0.5,0.5454545454545454,0.0,3,2,3,2,10,3,SVM_linear,B_SPC,rr_count,100.0,30
0.6,0.6000000000000001,0.4,0.8,0.6666666666666666,0.5,0.2182178902359924,2,4,1,3,10,4,SVM_linear,B_SPC,rr_count,100.0,30
0.88,0.9,0.8,1.0,1.0,0.8888888888888888,0.816496580927726,4,5,0,1,10,5,SVM_linear,B_SPC,rr_count,100.0,30
0.44,0.4,0.4,0.4,0.4,0.4,-0.2,2,2,3,3,10,1,LogReg,C_HRV_SPC,rr_count,100.0,39
1.0,0.9,1.0,0.8,0.8333333333333334,0.9090909090909091,0.816496580927726,5,4,1,0,10,2,LogReg,C_HRV_SPC,rr_count,100.0,39
0.56,0.5,0.2,0.8,0.5,0.2857142857142857,0.0,1,4,1,4,10,3,LogReg,C_HRV_SPC,rr_count,100.0,39
0.6,0.5,0.6,0.4,0.5,0.5454545454545454,0.0,3,2,3,2,10,4,LogReg,C_HRV_SPC,rr_count,100.0,39
0.8400000000000001,0.9,0.8,1.0,1.0,0.8888888888888888,0.816496580927726,4,5,0,1,10,5,LogReg,C_HRV_SPC,rr_count,100.0,39
0.6000000000000001,0.5,0.4,0.6,0.5,0.4444444444444444,0.0,2,3,2,3,10,1,RandomForest,C_HRV_SPC,rr_count,100.0,39
1.0,0.9,1.0,0.8,0.8333333333333334,0.9090909090909091,0.816496580927726,5,4,1,0,10,2,RandomForest,C_HRV_SPC,rr_count,100.0,39
0.56,0.7,0.6,0.8,0.75,0.6666666666666666,0.408248290463863,3,4,1,2,10,3,RandomForest,C_HRV_SPC,rr_count,100.0,39
0.6,0.5,0.6,0.4,0.5,0.5454545454545454,0.0,3,2,3,2,10,4,RandomForest,C_HRV_SPC,rr_count,100.0,39
1.0,0.8,1.0,0.6,0.7142857142857143,0.8333333333333334,0.6546536707079772,5,3,2,0,10,5,RandomForest,C_HRV_SPC,rr_count,100.0,39
0.56,0.4,0.2,0.6,0.3333333333333333,0.25,-0.2182178902359924,1,3,2,4,10,1,SVM_linear,C_HRV_SPC,rr_count,100.0,39
1.0,0.9,1.0,0.8,0.8333333333333334,0.9090909090909091,0.816496580927726,5,4,1,0,10,2,SVM_linear,C_HRV_SPC,rr_count,100.0,39
0.4000000000000001,0.4,0.4,0.4,0.4,0.4,-0.2,2,2,3,3,10,3,SVM_linear,C_HRV_SPC,rr_count,100.0,39
0.6799999999999999,0.6,0.6,0.6,0.6,0.6,0.2,3,3,2,2,10,4,SVM_linear,C_HRV_SPC,rr_count,100.0,39
0.88,0.9,0.8,1.0,1.0,0.8888888888888888,0.816496580927726,4,5,0,1,10,5,SVM_linear,C_HRV_SPC,rr_count,100.0,39
0.48,0.4,0.4,0.4,0.4,0.4,-0.2,2,2,3,3,10,1,LogReg,D_HRV_SPC_Poincare,rr_count,100.0,42
1.0,0.8,1.0,0.6,0.7142857142857143,0.8333333333333334,0.6546536707079772,5,3,2,0,10,2,LogReg,D_HRV_SPC_Poincare,rr_count,100.0,42
0.4000000000000001,0.4,0.0,0.8,0.0,0.0,-0.3333333333333333,0,4,1,5,10,3,LogReg,D_HRV_SPC_Poincare,rr_count,100.0,42
0.6799999999999999,0.4,0.6,0.2,0.42857142857142855,0.5,-0.2182178902359924,3,1,4,2,10,4,LogReg,D_HRV_SPC_Poincare,rr_count,100.0,42
0.8400000000000001,0.9,0.8,1.0,1.0,0.8888888888888888,0.816496580927726,4,5,0,1,10,5,LogReg,D_HRV_SPC_Poincare,rr_count,100.0,42
0.7200000000000002,0.7,0.6,0.8,0.75,0.6666666666666666,0.408248290463863,3,4,1,2,10,1,RandomForest,D_HRV_SPC_Poincare,rr_count,100.0,42
0.9600000000000001,0.9,1.0,0.8,0.8333333333333334,0.9090909090909091,0.816496580927726,5,4,1,0,10,2,RandomForest,D_HRV_SPC_Poincare,rr_count,100.0,42
0.64,0.6000000000000001,0.4,0.8,0.6666666666666666,0.5,0.2182178902359924,2,4,1,3,10,3,RandomForest,D_HRV_SPC_Poincare,rr_count,100.0,42
0.6,0.5,0.4,0.6,0.5,0.4444444444444444,0.0,2,3,2,3,10,4,RandomForest,D_HRV_SPC_Poincare,rr_count,100.0,42
0.92,0.9,1.0,0.8,0.8333333333333334,0.9090909090909091,0.816496580927726,5,4,1,0,10,5,RandomForest,D_HRV_SPC_Poincare,rr_count,100.0,42
0.52,0.4,0.2,0.6,0.3333333333333333,0.25,-0.2182178902359924,1,3,2,4,10,1,SVM_linear,D_HRV_SPC_Poincare,rr_count,100.0,42
1.0,0.9,1.0,0.8,0.8333333333333334,0.9090909090909091,0.816496580927726,5,4,1,0,10,2,SVM_linear,D_HRV_SPC_Poincare,rr_count,100.0,42
0.32000000000000006,0.2,0.0,0.4,0.0,0.0,-0.6546536707079772,0,2,3,5,10,3,SVM_linear,D_HRV_SPC_Poincare,rr_count,100.0,42
0.6399999999999999,0.5,0.6,0.4,0.5,0.5454545454545454,0.0,3,2,3,2,10,4,SVM_linear,D_HRV_SPC_Poincare,rr_count,100.0,42
0.88,0.9,0.8,1.0,1.0,0.8888888888888888,0.816496580927726,4,5,0,1,10,5,SVM_linear,D_HRV_SPC_Poincare,rr_count,100.0,42
0.39999999999999997,0.4,0.4,0.4,0.4,0.4,-0.2,2,2,3,3,10,1,LogReg,E_HRV_SPC_Poincare_Ectopy,rr_count,100.0,49
1.0,0.9,1.0,0.8,0.8333333333333334,0.9090909090909091,0.816496580927726,5,4,1,0,10,2,LogReg,E_HRV_SPC_Poincare_Ectopy,rr_count,100.0,49
0.56,0.5,0.2,0.8,0.5,0.2857142857142857,0.0,1,4,1,4,10,3,LogReg,E_HRV_SPC_Poincare_Ectopy,rr_count,100.0,49
0.6799999999999999,0.5,0.8,0.2,0.5,0.6153846153846154,0.0,4,1,4,1,10,4,LogReg,E_HRV_SPC_Poincare_Ectopy,rr_count,100.0,49
0.88,0.8,0.8,0.8,0.8,0.8,0.6,4,4,1,1,10,5,LogReg,E_HRV_SPC_Poincare_Ectopy,rr_count,100.0,49
0.6799999999999999,0.6000000000000001,0.4,0.8,0.6666666666666666,0.5,0.2182178902359924,2,4,1,3,10,1,RandomForest,E_HRV_SPC_Poincare_Ectopy,rr_count,100.0,49
0.8800000000000001,0.9,1.0,0.8,0.8333333333333334,0.9090909090909091,0.816496580927726,5,4,1,0,10,2,RandomForest,E_HRV_SPC_Poincare_Ectopy,rr_count,100.0,49
0.6799999999999999,0.7,0.6,0.8,0.75,0.6666666666666666,0.408248290463863,3,4,1,2,10,3,RandomForest,E_HRV_SPC_Poincare_Ectopy,rr_count,100.0,49
0.6,0.5,0.6,0.4,0.5,0.5454545454545454,0.0,3,2,3,2,10,4,RandomForest,E_HRV_SPC_Poincare_Ectopy,rr_count,100.0,49
1.0,0.9,1.0,0.8,0.8333333333333334,0.9090909090909091,0.816496580927726,5,4,1,0,10,5,RandomForest,E_HRV_SPC_Poincare_Ectopy,rr_count,100.0,49
0.44,0.5,0.4,0.6,0.5,0.4444444444444444,0.0,2,3,2,3,10,1,SVM_linear,E_HRV_SPC_Poincare_Ectopy,rr_count,100.0,49
1.0,0.9,1.0,0.8,0.8333333333333334,0.9090909090909091,0.816496580927726,5,4,1,0,10,2,SVM_linear,E_HRV_SPC_Poincare_Ectopy,rr_count,100.0,49
0.48,0.6000000000000001,0.4,0.8,0.6666666666666666,0.5,0.2182178902359924,2,4,1,3,10,3,SVM_linear,E_HRV_SPC_Poincare_Ectopy,rr_count,100.0,49
0.6,0.5,0.6,0.4,0.5,0.5454545454545454,0.0,3,2,3,2,10,4,SVM_linear,E_HRV_SPC_Poincare_Ectopy,rr_count,100.0,49
0.84,0.7,0.6,0.8,0.75,0.6666666666666666,0.408248290463863,3,4,1,2,10,5,SVM_linear,E_HRV_SPC_Poincare_Ectopy,rr_count,100.0,49
0.32,0.3,0.0,0.6,0.0,0.0,-0.5,0,3,2,5,10,1,LogReg,A_HRV,rr_count,128.0,9
0.4800000000000001,0.4,0.2,0.6,0.3333333333333333,0.25,-0.2182178902359924,1,3,2,4,10,2,LogReg,A_HRV,rr_count,128.0,9
0.4,0.4,0.2,0.6,0.3333333333333333,0.25,-0.2182178902359924,1,3,2,4,10,3,LogReg,A_HRV,rr_count,128.0,9
0.4,0.4,0.4,0.4,0.4,0.4,-0.2,2,2,3,3,10,4,LogReg,A_HRV,rr_count,128.0,9
0.52,0.4,0.4,0.4,0.4,0.4,-0.2,2,2,3,3,10,5,LogReg,A_HRV,rr_count,128.0,9
0.48,0.5,0.4,0.6,0.5,0.4444444444444444,0.0,2,3,2,3,10,1,RandomForest,A_HRV,rr_count,128.0,9
0.4,0.30000000000000004,0.4,0.2,0.3333333333333333,0.36363636363636365,-0.408248290463863,2,1,4,3,10,2,RandomForest,A_HRV,rr_count,128.0,9
0.6000000000000001,0.6,0.6,0.6,0.6,0.6,0.2,3,3,2,2,10,3,RandomForest,A_HRV,rr_count,128.0,9
0.5599999999999999,0.6,0.6,0.6,0.6,0.6,0.2,3,3,2,2,10,4,RandomForest,A_HRV,rr_count,128.0,9
0.84,0.6,1.0,0.2,0.5555555555555556,0.7142857142857143,0.3333333333333333,5,1,4,0,10,5,RandomForest,A_HRV,rr_count,128.0,9
0.72,0.7,1.0,0.4,0.625,0.7692307692307693,0.5,5,2,3,0,10,1,SVM_linear,A_HRV,rr_count,128.0,9
0.64,0.5,0.8,0.2,0.5,0.6153846153846154,0.0,4,1,4,1,10,2,SVM_linear,A_HRV,rr_count,128.0,9
0.64,0.6000000000000001,0.8,0.4,0.5714285714285714,0.6666666666666666,0.2182178902359924,4,2,3,1,10,3,SVM_linear,A_HRV,rr_count,128.0,9
0.4,0.30000000000000004,0.4,0.2,0.3333333333333333,0.36363636363636365,-0.408248290463863,2,1,4,3,10,4,SVM_linear,A_HRV,rr_count,128.0,9
0.64,0.5,0.4,0.6,0.5,0.4444444444444444,0.0,2,3,2,3,10,5,SVM_linear,A_HRV,rr_count,128.0,9
0.56,0.6,0.6,0.6,0.6,0.6,0.2,3,3,2,2,10,1,LogReg,B_SPC,rr_count,128.0,30
0.88,0.8,0.8,0.8,0.8,0.8,0.6,4,4,1,1,10,2,LogReg,B_SPC,rr_count,128.0,30
0.76,0.6000000000000001,0.4,0.8,0.6666666666666666,0.5,0.2182178902359924,2,4,1,3,10,3,LogReg,B_SPC,rr_count,128.0,30
0.7200000000000001,0.5,0.8,0.2,0.5,0.6153846153846154,0.0,4,1,4,1,10,4,LogReg,B_SPC,rr_count,128.0,30
0.7600000000000001,0.7,0.8,0.6,0.6666666666666666,0.7272727272727273,0.408248290463863,4,3,2,1,10,5,LogReg,B_SPC,rr_count,128.0,30
0.6,0.6,0.6,0.6,0.6,0.6,0.2,3,3,2,2,10,1,RandomForest,B_SPC,rr_count,128.0,30
1.0,0.9,1.0,0.8,0.8333333333333334,0.9090909090909091,0.816496580927726,5,4,1,0,10,2,RandomForest,B_SPC,rr_count,128.0,30
0.72,0.6000000000000001,0.4,0.8,0.6666666666666666,0.5,0.2182178902359924,2,4,1,3,10,3,RandomForest,B_SPC,rr_count,128.0,30
0.64,0.6000000000000001,0.4,0.8,0.6666666666666666,0.5,0.2182178902359924,2,4,1,3,10,4,RandomForest,B_SPC,rr_count,128.0,30
1.0,0.9,0.8,1.0,1.0,0.8888888888888888,0.816496580927726,4,5,0,1,10,5,RandomForest,B_SPC,rr_count,128.0,30
0.48,0.6000000000000001,0.4,0.8,0.6666666666666666,0.5,0.2182178902359924,2,4,1,3,10,1,SVM_linear,B_SPC,rr_count,128.0,30
0.28,0.4,0.6,0.2,0.42857142857142855,0.5,-0.2182178902359924,3,1,4,2,10,2,SVM_linear,B_SPC,rr_count,128.0,30
0.8,0.5,0.2,0.8,0.5,0.2857142857142857,0.0,1,4,1,4,10,3,SVM_linear,B_SPC,rr_count,128.0,30
0.36,0.5,0.8,0.2,0.5,0.6153846153846154,0.0,4,1,4,1,10,4,SVM_linear,B_SPC,rr_count,128.0,30
0.72,0.6000000000000001,0.8,0.4,0.5714285714285714,0.6666666666666666,0.2182178902359924,4,2,3,1,10,5,SVM_linear,B_SPC,rr_count,128.0,30
0.6,0.6,0.6,0.6,0.6,0.6,0.2,3,3,2,2,10,1,LogReg,C_HRV_SPC,rr_count,128.0,39
0.76,0.8,1.0,0.6,0.7142857142857143,0.8333333333333334,0.6546536707079772,5,3,2,0,10,2,LogReg,C_HRV_SPC,rr_count,128.0,39
0.76,0.6000000000000001,0.4,0.8,0.6666666666666666,0.5,0.2182178902359924,2,4,1,3,10,3,LogReg,C_HRV_SPC,rr_count,128.0,39
0.6800000000000002,0.5,0.8,0.2,0.5,0.6153846153846154,0.0,4,1,4,1,10,4,LogReg,C_HRV_SPC,rr_count,128.0,39
0.6799999999999999,0.7,0.8,0.6,0.6666666666666666,0.7272727272727273,0.408248290463863,4,3,2,1,10,5,LogReg,C_HRV_SPC,rr_count,128.0,39
0.6,0.5,0.4,0.6,0.5,0.4444444444444444,0.0,2,3,2,3,10,1,RandomForest,C_HRV_SPC,rr_count,128.0,39
0.8400000000000001,0.9,1.0,0.8,0.8333333333333334,0.9090909090909091,0.816496580927726,5,4,1,0,10,2,RandomForest,C_HRV_SPC,rr_count,128.0,39
0.72,0.6000000000000001,0.4,0.8,0.6666666666666666,0.5,0.2182178902359924,2,4,1,3,10,3,RandomForest,C_HRV_SPC,rr_count,128.0,39
0.52,0.6,0.6,0.6,0.6,0.6,0.2,3,3,2,2,10,4,RandomForest,C_HRV_SPC,rr_count,128.0,39
0.9600000000000001,0.7,1.0,0.4,0.625,0.7692307692307693,0.5,5,2,3,0,10,5,RandomForest,C_HRV_SPC,rr_count,128.0,39
0.56,0.6000000000000001,0.4,0.8,0.6666666666666666,0.5,0.2182178902359924,2,4,1,3,10,1,SVM_linear,C_HRV_SPC,rr_count,128.0,39
0.32,0.3,0.0,0.6,0.0,0.0,-0.5,0,3,2,5,10,2,SVM_linear,C_HRV_SPC,rr_count,128.0,39
0.8,0.6000000000000001,0.4,0.8,0.6666666666666666,0.5,0.2182178902359924,2,4,1,3,10,3,SVM_linear,C_HRV_SPC,rr_count,128.0,39
0.56,0.6000000000000001,0.8,0.4,0.5714285714285714,0.6666666666666666,0.2182178902359924,4,2,3,1,10,4,SVM_linear,C_HRV_SPC,rr_count,128.0,39
0.48000000000000004,0.4,0.4,0.4,0.4,0.4,-0.2,2,2,3,3,10,5,SVM_linear,C_HRV_SPC,rr_count,128.0,39
0.56,0.6,0.6,0.6,0.6,0.6,0.2,3,3,2,2,10,1,LogReg,D_HRV_SPC_Poincare,rr_count,128.0,42
0.76,0.8,1.0,0.6,0.7142857142857143,0.8333333333333334,0.6546536707079772,5,3,2,0,10,2,LogReg,D_HRV_SPC_Poincare,rr_count,128.0,42
0.76,0.5,0.2,0.8,0.5,0.2857142857142857,0.0,1,4,1,4,10,3,LogReg,D_HRV_SPC_Poincare,rr_count,128.0,42
0.6800000000000002,0.5,0.8,0.2,0.5,0.6153846153846154,0.0,4,1,4,1,10,4,LogReg,D_HRV_SPC_Poincare,rr_count,128.0,42
0.6799999999999999,0.7,0.8,0.6,0.6666666666666666,0.7272727272727273,0.408248290463863,4,3,2,1,10,5,LogReg,D_HRV_SPC_Poincare,rr_count,128.0,42
0.6399999999999999,0.6,0.6,0.6,0.6,0.6,0.2,3,3,2,2,10,1,RandomForest,D_HRV_SPC_Poincare,rr_count,128.0,42
0.8,0.9,1.0,0.8,0.8333333333333334,0.9090909090909091,0.816496580927726,5,4,1,0,10,2,RandomForest,D_HRV_SPC_Poincare,rr_count,128.0,42
0.72,0.6000000000000001,0.4,0.8,0.6666666666666666,0.5,0.2182178902359924,2,4,1,3,10,3,RandomForest,D_HRV_SPC_Poincare,rr_count,128.0,42
0.56,0.6,0.6,0.6,0.6,0.6,0.2,3,3,2,2,10,4,RandomForest,D_HRV_SPC_Poincare,rr_count,128.0,42
1.0,0.8,1.0,0.6,0.7142857142857143,0.8333333333333334,0.6546536707079772,5,3,2,0,10,5,RandomForest,D_HRV_SPC_Poincare,rr_count,128.0,42
0.6,0.5,0.2,0.8,0.5,0.2857142857142857,0.0,1,4,1,4,10,1,SVM_linear,D_HRV_SPC_Poincare,rr_count,128.0,42
0.32,0.4,0.2,0.6,0.3333333333333333,0.25,-0.2182178902359924,1,3,2,4,10,2,SVM_linear,D_HRV_SPC_Poincare,rr_count,128.0,42
0.8,0.6000000000000001,0.4,0.8,0.6666666666666666,0.5,0.2182178902359924,2,4,1,3,10,3,SVM_linear,D_HRV_SPC_Poincare,rr_count,128.0,42
0.6800000000000002,0.5,0.8,0.2,0.5,0.6153846153846154,0.0,4,1,4,1,10,4,SVM_linear,D_HRV_SPC_Poincare,rr_count,128.0,42
0.64,0.7,0.8,0.6,0.6666666666666666,0.7272727272727273,0.408248290463863,4,3,2,1,10,5,SVM_linear,D_HRV_SPC_Poincare,rr_count,128.0,42
0.6799999999999999,0.7,0.6,0.8,0.75,0.6666666666666666,0.408248290463863,3,4,1,2,10,1,LogReg,E_HRV_SPC_Poincare_Ectopy,rr_count,128.0,49
0.84,0.8,1.0,0.6,0.7142857142857143,0.8333333333333334,0.6546536707079772,5,3,2,0,10,2,LogReg,E_HRV_SPC_Poincare_Ectopy,rr_count,128.0,49
0.8,0.4,0.0,0.8,0.0,0.0,-0.3333333333333333,0,4,1,5,10,3,LogReg,E_HRV_SPC_Poincare_Ectopy,rr_count,128.0,49
0.8400000000000001,0.6,1.0,0.2,0.5555555555555556,0.7142857142857143,0.3333333333333333,5,1,4,0,10,4,LogReg,E_HRV_SPC_Poincare_Ectopy,rr_count,128.0,49
0.6799999999999999,0.6,0.6,0.6,0.6,0.6,0.2,3,3,2,2,10,5,LogReg,E_HRV_SPC_Poincare_Ectopy,rr_count,128.0,49
0.6,0.5,0.4,0.6,0.5,0.4444444444444444,0.0,2,3,2,3,10,1,RandomForest,E_HRV_SPC_Poincare_Ectopy,rr_count,128.0,49
0.8400000000000001,0.9,1.0,0.8,0.8333333333333334,0.9090909090909091,0.816496580927726,5,4,1,0,10,2,RandomForest,E_HRV_SPC_Poincare_Ectopy,rr_count,128.0,49
0.72,0.6000000000000001,0.4,0.8,0.6666666666666666,0.5,0.2182178902359924,2,4,1,3,10,3,RandomForest,E_HRV_SPC_Poincare_Ectopy,rr_count,128.0,49
0.52,0.5,0.4,0.6,0.5,0.4444444444444444,0.0,2,3,2,3,10,4,RandomForest,E_HRV_SPC_Poincare_Ectopy,rr_count,128.0,49
1.0,0.8,1.0,0.6,0.7142857142857143,0.8333333333333334,0.6546536707079772,5,3,2,0,10,5,RandomForest,E_HRV_SPC_Poincare_Ectopy,rr_count,128.0,49
0.6799999999999999,0.6000000000000001,0.4,0.8,0.6666666666666666,0.5,0.2182178902359924,2,4,1,3,10,1,SVM_linear,E_HRV_SPC_Poincare_Ectopy,rr_count,128.0,49
0.16000000000000003,0.2,0.0,0.4,0.0,0.0,-0.6546536707079772,0,2,3,5,10,2,SVM_linear,E_HRV_SPC_Poincare_Ectopy,rr_count,128.0,49
0.8,0.5,0.2,0.8,0.5,0.2857142857142857,0.0,1,4,1,4,10,3,SVM_linear,E_HRV_SPC_Poincare_Ectopy,rr_count,128.0,49
0.64,0.5,0.8,0.2,0.5,0.6153846153846154,0.0,4,1,4,1,10,4,SVM_linear,E_HRV_SPC_Poincare_Ectopy,rr_count,128.0,49
0.32,0.4,0.8,0.0,0.4444444444444444,0.5714285714285714,-0.3333333333333333,4,0,5,1,10,5,SVM_linear,E_HRV_SPC_Poincare_Ectopy,rr_count,128.0,49
0.31999999999999995,0.30000000000000004,0.2,0.4,0.25,0.2222222222222222,-0.408248290463863,1,2,3,4,10,1,LogReg,A_HRV,rr_count,200.0,9
0.52,0.5,0.4,0.6,0.5,0.4444444444444444,0.0,2,3,2,3,10,2,LogReg,A_HRV,rr_count,200.0,9
0.44000000000000006,0.4,0.2,0.6,0.3333333333333333,0.25,-0.2182178902359924,1,3,2,4,10,3,LogReg,A_HRV,rr_count,200.0,9
0.44000000000000006,0.5,0.6,0.4,0.5,0.5454545454545454,0.0,3,2,3,2,10,4,LogReg,A_HRV,rr_count,200.0,9
0.52,0.5,0.4,0.6,0.5,0.4444444444444444,0.0,2,3,2,3,10,5,LogReg,A_HRV,rr_count,200.0,9
0.68,0.7,0.8,0.6,0.6666666666666666,0.7272727272727273,0.408248290463863,4,3,2,1,10,1,RandomForest,A_HRV,rr_count,200.0,9
0.48,0.6,0.6,0.6,0.6,0.6,0.2,3,3,2,2,10,2,RandomForest,A_HRV,rr_count,200.0,9
0.6,0.6,0.6,0.6,0.6,0.6,0.2,3,3,2,2,10,3,RandomForest,A_HRV,rr_count,200.0,9
0.56,0.4,0.4,0.4,0.4,0.4,-0.2,2,2,3,3,10,4,RandomForest,A_HRV,rr_count,200.0,9
0.72,0.6000000000000001,0.8,0.4,0.5714285714285714,0.6666666666666666,0.2182178902359924,4,2,3,1,10,5,RandomForest,A_HRV,rr_count,200.0,9
0.6000000000000001,0.6000000000000001,0.8,0.4,0.5714285714285714,0.6666666666666666,0.2182178902359924,4,2,3,1,10,1,SVM_linear,A_HRV,rr_count,200.0,9
0.6799999999999999,0.7,0.8,0.6,0.6666666666666666,0.7272727272727273,0.408248290463863,4,3,2,1,10,2,SVM_linear,A_HRV,rr_count,200.0,9
0.52,0.4,0.4,0.4,0.4,0.4,-0.2,2,2,3,3,10,3,SVM_linear,A_HRV,rr_count,200.0,9
0.4000000000000001,0.6000000000000001,0.8,0.4,0.5714285714285714,0.6666666666666666,0.2182178902359924,4,2,3,1,10,4,SVM_linear,A_HRV,rr_count,200.0,9
0.52,0.5,0.4,0.6,0.5,0.4444444444444444,0.0,2,3,2,3,10,5,SVM_linear,A_HRV,rr_count,200.0,9
0.52,0.5,0.4,0.6,0.5,0.4444444444444444,0.0,2,3,2,3,10,1,LogReg,B_SPC,rr_count,200.0,30
0.8400000000000001,0.8,0.8,0.8,0.8,0.8,0.6,4,4,1,1,10,2,LogReg,B_SPC,rr_count,200.0,30
0.52,0.5,0.2,0.8,0.5,0.2857142857142857,0.0,1,4,1,4,10,3,LogReg,B_SPC,rr_count,200.0,30
0.56,0.4,0.4,0.4,0.4,0.4,-0.2,2,2,3,3,10,4,LogReg,B_SPC,rr_count,200.0,30
0.8,0.7,0.8,0.6,0.6666666666666666,0.7272727272727273,0.408248290463863,4,3,2,1,10,5,LogReg,B_SPC,rr_count,200.0,30
0.56,0.6000000000000001,0.4,0.8,0.6666666666666666,0.5,0.2182178902359924,2,4,1,3,10,1,RandomForest,B_SPC,rr_count,200.0,30
0.9600000000000001,0.9,1.0,0.8,0.8333333333333334,0.9090909090909091,0.816496580927726,5,4,1,0,10,2,RandomForest,B_SPC,rr_count,200.0,30
0.52,0.5,0.4,0.6,0.5,0.4444444444444444,0.0,2,3,2,3,10,3,RandomForest,B_SPC,rr_count,200.0,30
0.6799999999999999,0.6,0.6,0.6,0.6,0.6,0.2,3,3,2,2,10,4,RandomForest,B_SPC,rr_count,200.0,30
1.0,0.8,0.6,1.0,1.0,0.75,0.6546536707079772,3,5,0,2,10,5,RandomForest,B_SPC,rr_count,200.0,30
0.48,0.5,0.4,0.6,0.5,0.4444444444444444,0.0,2,3,2,3,10,1,SVM_linear,B_SPC,rr_count,200.0,30
0.28,0.4,0.0,0.8,0.0,0.0,-0.3333333333333333,0,4,1,5,10,2,SVM_linear,B_SPC,rr_count,200.0,30
0.39999999999999997,0.4,0.0,0.8,0.0,0.0,-0.3333333333333333,0,4,1,5,10,3,SVM_linear,B_SPC,rr_count,200.0,30
0.36,0.30000000000000004,0.4,0.2,0.3333333333333333,0.36363636363636365,-0.408248290463863,2,1,4,3,10,4,SVM_linear,B_SPC,rr_count,200.0,30
0.9600000000000001,0.8,0.8,0.8,0.8,0.8,0.6,4,4,1,1,10,5,SVM_linear,B_SPC,rr_count,200.0,30
0.48,0.4,0.4,0.4,0.4,0.4,-0.2,2,2,3,3,10,1,LogReg,C_HRV_SPC,rr_count,200.0,39
1.0,0.7,1.0,0.4,0.625,0.7692307692307693,0.5,5,2,3,0,10,2,LogReg,C_HRV_SPC,rr_count,200.0,39
0.52,0.4,0.0,0.8,0.0,0.0,-0.3333333333333333,0,4,1,5,10,3,LogReg,C_HRV_SPC,rr_count,200.0,39
0.52,0.5,0.6,0.4,0.5,0.5454545454545454,0.0,3,2,3,2,10,4,LogReg,C_HRV_SPC,rr_count,200.0,39
0.8,0.8,0.8,0.8,0.8,0.8,0.6,4,4,1,1,10,5,LogReg,C_HRV_SPC,rr_count,200.0,39
0.6,0.6,0.6,0.6,0.6,0.6,0.2,3,3,2,2,10,1,RandomForest,C_HRV_SPC,rr_count,200.0,39
0.8800000000000001,0.8,1.0,0.6,0.7142857142857143,0.8333333333333334,0.6546536707079772,5,3,2,0,10,2,RandomForest,C_HRV_SPC,rr_count,200.0,39
0.56,0.5,0.2,0.8,0.5,0.2857142857142857,0.0,1,4,1,4,10,3,RandomForest,C_HRV_SPC,rr_count,200.0,39
0.6,0.5,0.4,0.6,0.5,0.4444444444444444,0.0,2,3,2,3,10,4,RandomForest,C_HRV_SPC,rr_count,200.0,39
1.0,0.7,1.0,0.4,0.625,0.7692307692307693,0.5,5,2,3,0,10,5,RandomForest,C_HRV_SPC,rr_count,200.0,39
0.52,0.5,0.4,0.6,0.5,0.4444444444444444,0.0,2,3,2,3,10,1,SVM_linear,C_HRV_SPC,rr_count,200.0,39
0.2,0.3,0.0,0.6,0.0,0.0,-0.5,0,3,2,5,10,2,SVM_linear,C_HRV_SPC,rr_count,200.0,39
0.44000000000000006,0.4,0.0,0.8,0.0,0.0,-0.3333333333333333,0,4,1,5,10,3,SVM_linear,C_HRV_SPC,rr_count,200.0,39
0.52,0.5,0.6,0.4,0.5,0.5454545454545454,0.0,3,2,3,2,10,4,SVM_linear,C_HRV_SPC,rr_count,200.0,39
0.76,0.7,0.6,0.8,0.75,0.6666666666666666,0.408248290463863,3,4,1,2,10,5,SVM_linear,C_HRV_SPC,rr_count,200.0,39
0.52,0.5,0.4,0.6,0.5,0.4444444444444444,0.0,2,3,2,3,10,1,LogReg,D_HRV_SPC_Poincare,rr_count,200.0,42
0.92,0.7,1.0,0.4,0.625,0.7692307692307693,0.5,5,2,3,0,10,2,LogReg,D_HRV_SPC_Poincare,rr_count,200.0,42
0.64,0.4,0.0,0.8,0.0,0.0,-0.3333333333333333,0,4,1,5,10,3,LogReg,D_HRV_SPC_Poincare,rr_count,200.0,42
0.6800000000000002,0.6000000000000001,0.8,0.4,0.5714285714285714,0.6666666666666666,0.2182178902359924,4,2,3,1,10,4,LogReg,D_HRV_SPC_Poincare,rr_count,200.0,42
0.92,0.7,0.8,0.6,0.6666666666666666,0.7272727272727273,0.408248290463863,4,3,2,1,10,5,LogReg,D_HRV_SPC_Poincare,rr_count,200.0,42
0.6799999999999999,0.7,0.6,0.8,0.75,0.6666666666666666,0.408248290463863,3,4,1,2,10,1,RandomForest,D_HRV_SPC_Poincare,rr_count,200.0,42
0.8400000000000001,0.9,1.0,0.8,0.8333333333333334,0.9090909090909091,0.816496580927726,5,4,1,0,10,2,RandomForest,D_HRV_SPC_Poincare,rr_count,200.0,42
0.52,0.5,0.2,0.8,0.5,0.2857142857142857,0.0,1,4,1,4,10,3,RandomForest,D_HRV_SPC_Poincare,rr_count,200.0,42
0.4800000000000001,0.5,0.6,0.4,0.5,0.5454545454545454,0.0,3,2,3,2,10,4,RandomForest,D_HRV_SPC_Poincare,rr_count,200.0,42
1.0,0.7,1.0,0.4,0.625,0.7692307692307693,0.5,5,2,3,0,10,5,RandomForest,D_HRV_SPC_Poincare,rr_count,200.0,42
0.48,0.5,0.4,0.6,0.5,0.4444444444444444,0.0,2,3,2,3,10,1,SVM_linear,D_HRV_SPC_Poincare,rr_count,200.0,42
0.28,0.2,0.2,0.2,0.2,0.2,-0.6,1,1,4,4,10,2,SVM_linear,D_HRV_SPC_Poincare,rr_count,200.0,42
0.48,0.4,0.0,0.8,0.0,0.0,-0.3333333333333333,0,4,1,5,10,3,SVM_linear,D_HRV_SPC_Poincare,rr_count,200.0,42
0.6800000000000002,0.6000000000000001,0.8,0.4,0.5714285714285714,0.6666666666666666,0.2182178902359924,4,2,3,1,10,4,SVM_linear,D_HRV_SPC_Poincare,rr_count,200.0,42
0.76,0.6000000000000001,0.4,0.8,0.6666666666666666,0.5,0.2182178902359924,2,4,1,3,10,5,SVM_linear,D_HRV_SPC_Poincare,rr_count,200.0,42
0.5599999999999999,0.6,0.6,0.6,0.6,0.6,0.2,3,3,2,2,10,1,LogReg,E_HRV_SPC_Poincare_Ectopy,rr_count,200.0,49
0.8800000000000001,0.7,1.0,0.4,0.625,0.7692307692307693,0.5,5,2,3,0,10,2,LogReg,E_HRV_SPC_Poincare_Ectopy,rr_count,200.0,49
0.6,0.4,0.0,0.8,0.0,0.0,-0.3333333333333333,0,4,1,5,10,3,LogReg,E_HRV_SPC_Poincare_Ectopy,rr_count,200.0,49
0.7200000000000001,0.6000000000000001,0.8,0.4,0.5714285714285714,0.6666666666666666,0.2182178902359924,4,2,3,1,10,4,LogReg,E_HRV_SPC_Poincare_Ectopy,rr_count,200.0,49
0.84,0.6,0.6,0.6,0.6,0.6,0.2,3,3,2,2,10,5,LogReg,E_HRV_SPC_Poincare_Ectopy,rr_count,200.0,49
0.6799999999999999,0.7,0.6,0.8,0.75,0.6666666666666666,0.408248290463863,3,4,1,2,10,1,RandomForest,E_HRV_SPC_Poincare_Ectopy,rr_count,200.0,49
0.8,0.9,1.0,0.8,0.8333333333333334,0.9090909090909091,0.816496580927726,5,4,1,0,10,2,RandomForest,E_HRV_SPC_Poincare_Ectopy,rr_count,200.0,49
0.64,0.4,0.0,0.8,0.0,0.0,-0.3333333333333333,0,4,1,5,10,3,RandomForest,E_HRV_SPC_Poincare_Ectopy,rr_count,200.0,49
0.6,0.6,0.6,0.6,0.6,0.6,0.2,3,3,2,2,10,4,RandomForest,E_HRV_SPC_Poincare_Ectopy,rr_count,200.0,49
0.92,0.9,1.0,0.8,0.8333333333333334,0.9090909090909091,0.816496580927726,5,4,1,0,10,5,RandomForest,E_HRV_SPC_Poincare_Ectopy,rr_count,200.0,49
0.52,0.5,0.4,0.6,0.5,0.4444444444444444,0.0,2,3,2,3,10,1,SVM_linear,E_HRV_SPC_Poincare_Ectopy,rr_count,200.0,49
0.8,0.6000000000000001,0.8,0.4,0.5714285714285714,0.6666666666666666,0.2182178902359924,4,2,3,1,10,2,SVM_linear,E_HRV_SPC_Poincare_Ectopy,rr_count,200.0,49
0.4800000000000001,0.5,0.2,0.8,0.5,0.2857142857142857,0.0,1,4,1,4,10,3,SVM_linear,E_HRV_SPC_Poincare_Ectopy,rr_count,200.0,49
0.6000000000000001,0.6000000000000001,0.8,0.4,0.5714285714285714,0.6666666666666666,0.2182178902359924,4,2,3,1,10,4,SVM_linear,E_HRV_SPC_Poincare_Ectopy,rr_count,200.0,49
0.52,0.4,0.8,0.0,0.4444444444444444,0.5714285714285714,-0.3333333333333333,4,0,5,1,10,5,SVM_linear,E_HRV_SPC_Poincare_Ectopy,rr_count,200.0,49
0.39999999999999997,0.30000000000000004,0.2,0.4,0.25,0.2222222222222222,-0.408248290463863,1,2,3,4,10,1,LogReg,A_HRV,time,300.0,9
0.56,0.7,0.6,0.8,0.75,0.6666666666666666,0.408248290463863,3,4,1,2,10,2,LogReg,A_HRV,time,300.0,9
0.52,0.5,0.4,0.6,0.5,0.4444444444444444,0.0,2,3,2,3,10,3,LogReg,A_HRV,time,300.0,9
0.44000000000000006,0.4,0.4,0.4,0.4,0.4,-0.2,2,2,3,3,10,4,LogReg,A_HRV,time,300.0,9
0.44,0.4,0.4,0.4,0.4,0.4,-0.2,2,2,3,3,10,5,LogReg,A_HRV,time,300.0,9
0.64,0.6,0.6,0.6,0.6,0.6,0.2,3,3,2,2,10,1,RandomForest,A_HRV,time,300.0,9
0.68,0.5,0.4,0.6,0.5,0.4444444444444444,0.0,2,3,2,3,10,2,RandomForest,A_HRV,time,300.0,9
0.44,0.5,0.4,0.6,0.5,0.4444444444444444,0.0,2,3,2,3,10,3,RandomForest,A_HRV,time,300.0,9
0.6,0.6,0.6,0.6,0.6,0.6,0.2,3,3,2,2,10,4,RandomForest,A_HRV,time,300.0,9
0.6,0.7,1.0,0.4,0.625,0.7692307692307693,0.5,5,2,3,0,10,5,RandomForest,A_HRV,time,300.0,9
0.43999999999999995,0.4,0.6,0.2,0.42857142857142855,0.5,-0.2182178902359924,3,1,4,2,10,1,SVM_linear,A_HRV,time,300.0,9
0.43999999999999995,0.4,0.8,0.0,0.4444444444444444,0.5714285714285714,-0.3333333333333333,4,0,5,1,10,2,SVM_linear,A_HRV,time,300.0,9
0.52,0.5,0.4,0.6,0.5,0.4444444444444444,0.0,2,3,2,3,10,3,SVM_linear,A_HRV,time,300.0,9
0.56,0.5,0.8,0.2,0.5,0.6153846153846154,0.0,4,1,4,1,10,4,SVM_linear,A_HRV,time,300.0,9
0.52,0.5,0.4,0.6,0.5,0.4444444444444444,0.0,2,3,2,3,10,5,SVM_linear,A_HRV,time,300.0,9
0.36,0.5,0.6,0.4,0.5,0.5454545454545454,0.0,3,2,3,2,10,1,LogReg,B_SPC,time,300.0,30
0.92,0.9,1.0,0.8,0.8333333333333334,0.9090909090909091,0.816496580927726,5,4,1,0,10,2,LogReg,B_SPC,time,300.0,30
0.52,0.6,0.6,0.6,0.6,0.6,0.2,3,3,2,2,10,3,LogReg,B_SPC,time,300.0,30
0.48,0.5,0.4,0.6,0.5,0.4444444444444444,0.0,2,3,2,3,10,4,LogReg,B_SPC,time,300.0,30
0.64,0.5,0.6,0.4,0.5,0.5454545454545454,0.0,3,2,3,2,10,5,LogReg,B_SPC,time,300.0,30
0.6800000000000002,0.7,0.6,0.8,0.75,0.6666666666666666,0.408248290463863,3,4,1,2,10,1,RandomForest,B_SPC,time,300.0,30
0.9600000000000001,0.9,1.0,0.8,0.8333333333333334,0.9090909090909091,0.816496580927726,5,4,1,0,10,2,RandomForest,B_SPC,time,300.0,30
0.72,0.7,0.6,0.8,0.75,0.6666666666666666,0.408248290463863,3,4,1,2,10,3,RandomForest,B_SPC,time,300.0,30
0.64,0.5,0.4,0.6,0.5,0.4444444444444444,0.0,2,3,2,3,10,4,RandomForest,B_SPC,time,300.0,30
1.0,0.9,1.0,0.8,0.8333333333333334,0.9090909090909091,0.816496580927726,5,4,1,0,10,5,RandomForest,B_SPC,time,300.0,30
0.39999999999999997,0.6,0.6,0.6,0.6,0.6,0.2,3,3,2,2,10,1,SVM_linear,B_SPC,time,300.0,30
0.11999999999999997,0.2,0.2,0.2,0.2,0.2,-0.6,1,1,4,4,10,2,SVM_linear,B_SPC,time,300.0,30
0.52,0.6000000000000001,0.4,0.8,0.6666666666666666,0.5,0.2182178902359924,2,4,1,3,10,3,SVM_linear,B_SPC,time,300.0,30
0.52,0.6000000000000001,0.8,0.4,0.5714285714285714,0.6666666666666666,0.2182178902359924,4,2,3,1,10,4,SVM_linear,B_SPC,time,300.0,30
0.4,0.5,0.8,0.2,0.5,0.6153846153846154,0.0,4,1,4,1,10,5,SVM_linear,B_SPC,time,300.0,30
0.36,0.5,0.6,0.4,0.5,0.5454545454545454,0.0,3,2,3,2,10,1,LogReg,C_HRV_SPC,time,300.0,39
0.92,0.9,1.0,0.8,0.8333333333333334,0.9090909090909091,0.816496580927726,5,4,1,0,10,2,LogReg,C_HRV_SPC,time,300.0,39
0.52,0.5,0.2,0.8,0.5,0.2857142857142857,0.0,1,4,1,4,10,3,LogReg,C_HRV_SPC,time,300.0,39
0.52,0.4,0.4,0.4,0.4,0.4,-0.2,2,2,3,3,10,4,LogReg,C_HRV_SPC,time,300.0,39
0.64,0.5,0.6,0.4,0.5,0.5454545454545454,0.0,3,2,3,2,10,5,LogReg,C_HRV_SPC,time,300.0,39
0.64,0.6000000000000001,0.4,0.8,0.6666666666666666,0.5,0.2182178902359924,2,4,1,3,10,1,RandomForest,C_HRV_SPC,time,300.0,39
0.8,0.9,1.0,0.8,0.8333333333333334,0.9090909090909091,0.816496580927726,5,4,1,0,10,2,RandomForest,C_HRV_SPC,time,300.0,39
0.6799999999999999,0.6000000000000001,0.4,0.8,0.6666666666666666,0.5,0.2182178902359924,2,4,1,3,10,3,RandomForest,C_HRV_SPC,time,300.0,39
0.6,0.6000000000000001,0.4,0.8,0.6666666666666666,0.5,0.2182178902359924,2,4,1,3,10,4,RandomForest,C_HRV_SPC,time,300.0,39
1.0,1.0,1.0,1.0,1.0,1.0,1.0,5,5,0,0,10,5,RandomForest,C_HRV_SPC,time,300.0,39
0.36,0.3,0.0,0.6,0.0,0.0,-0.5,0,3,2,5,10,1,SVM_linear,C_HRV_SPC,time,300.0,39
0.15999999999999998,0.2,0.2,0.2,0.2,0.2,-0.6,1,1,4,4,10,2,SVM_linear,C_HRV_SPC,time,300.0,39
0.52,0.6000000000000001,0.4,0.8,0.6666666666666666,0.5,0.2182178902359924,2,4,1,3,10,3,SVM_linear,C_HRV_SPC,time,300.0,39
0.52,0.4,0.4,0.4,0.4,0.4,-0.2,2,2,3,3,10,4,SVM_linear,C_HRV_SPC,time,300.0,39
0.4,0.5,0.8,0.2,0.5,0.6153846153846154,0.0,4,1,4,1,10,5,SVM_linear,C_HRV_SPC,time,300.0,39
0.31999999999999995,0.4,0.4,0.4,0.4,0.4,-0.2,2,2,3,3,10,1,LogReg,D_HRV_SPC_Poincare,time,300.0,42
0.92,0.9,1.0,0.8,0.8333333333333334,0.9090909090909091,0.816496580927726,5,4,1,0,10,2,LogReg,D_HRV_SPC_Poincare,time,300.0,42
0.56,0.4,0.0,0.8,0.0,0.0,-0.3333333333333333,0,4,1,5,10,3,LogReg,D_HRV_SPC_Poincare,time,300.0,42
0.52,0.5,0.6,0.4,0.5,0.5454545454545454,0.0,3,2,3,2,10,4,LogReg,D_HRV_SPC_Poincare,time,300.0,42
0.64,0.5,0.6,0.4,0.5,0.5454545454545454,0.0,3,2,3,2,10,5,LogReg,D_HRV_SPC_Poincare,time,300.0,42
0.6000000000000001,0.7,0.6,0.8,0.75,0.6666666666666666,0.408248290463863,3,4,1,2,10,1,RandomForest,D_HRV_SPC_Poincare,time,300.0,42
0.8400000000000001,0.9,1.0,0.8,0.8333333333333334,0.9090909090909091,0.816496580927726,5,4,1,0,10,2,RandomForest,D_HRV_SPC_Poincare,time,300.0,42
0.6,0.7,0.6,0.8,0.75,0.6666666666666666,0.408248290463863,3,4,1,2,10,3,RandomForest,D_HRV_SPC_Poincare,time,300.0,42
0.6,0.5,0.4,0.6,0.5,0.4444444444444444,0.0,2,3,2,3,10,4,RandomForest,D_HRV_SPC_Poincare,time,300.0,42
1.0,0.9,1.0,0.8,0.8333333333333334,0.9090909090909091,0.816496580927726,5,4,1,0,10,5,RandomForest,D_HRV_SPC_Poincare,time,300.0,42
0.36,0.5,0.4,0.6,0.5,0.4444444444444444,0.0,2,3,2,3,10,1,SVM_linear,D_HRV_SPC_Poincare,time,300.0,42
0.07999999999999999,0.1,0.0,0.2,0.0,0.0,-0.816496580927726,0,1,4,5,10,2,SVM_linear,D_HRV_SPC_Poincare,time,300.0,42
0.52,0.6000000000000001,0.4,0.8,0.6666666666666666,0.5,0.2182178902359924,2,4,1,3,10,3,SVM_linear,D_HRV_SPC_Poincare,time,300.0,42
0.52,0.5,0.6,0.4,0.5,0.5454545454545454,0.0,3,2,3,2,10,4,SVM_linear,D_HRV_SPC_Poincare,time,300.0,42
0.44,0.4,0.6,0.2,0.42857142857142855,0.5,-0.2182178902359924,3,1,4,2,10,5,SVM_linear,D_HRV_SPC_Poincare,time,300.0,42
0.4,0.5,0.6,0.4,0.5,0.5454545454545454,0.0,3,2,3,2,10,1,LogReg,E_HRV_SPC_Poincare_Ectopy,time,300.0,49
0.92,0.9,1.0,0.8,0.8333333333333334,0.9090909090909091,0.816496580927726,5,4,1,0,10,2,LogReg,E_HRV_SPC_Poincare_Ectopy,time,300.0,49
0.56,0.5,0.2,0.8,0.5,0.2857142857142857,0.0,1,4,1,4,10,3,LogReg,E_HRV_SPC_Poincare_Ectopy,time,300.0,49
0.48,0.4,0.4,0.4,0.4,0.4,-0.2,2,2,3,3,10,4,LogReg,E_HRV_SPC_Poincare_Ectopy,time,300.0,49
0.6,0.6,0.6,0.6,0.6,0.6,0.2,3,3,2,2,10,5,LogReg,E_HRV_SPC_Poincare_Ectopy,time,300.0,49
0.6400000000000001,0.7,0.6,0.8,0.75,0.6666666666666666,0.408248290463863,3,4,1,2,10,1,RandomForest,E_HRV_SPC_Poincare_Ectopy,time,300.0,49
0.8400000000000001,0.9,1.0,0.8,0.8333333333333334,0.9090909090909091,0.816496580927726,5,4,1,0,10,2,RandomForest,E_HRV_SPC_Poincare_Ectopy,time,300.0,49
0.76,0.7,0.6,0.8,0.75,0.6666666666666666,0.408248290463863,3,4,1,2,10,3,RandomForest,E_HRV_SPC_Poincare_Ectopy,time,300.0,49
0.6000000000000001,0.6000000000000001,0.4,0.8,0.6666666666666666,0.5,0.2182178902359924,2,4,1,3,10,4,RandomForest,E_HRV_SPC_Poincare_Ectopy,time,300.0,49
0.9600000000000001,0.8,1.0,0.6,0.7142857142857143,0.8333333333333334,0.6546536707079772,5,3,2,0,10,5,RandomForest,E_HRV_SPC_Poincare_Ectopy,time,300.0,49
0.4800000000000001,0.5,0.4,0.6,0.5,0.4444444444444444,0.0,2,3,2,3,10,1,SVM_linear,E_HRV_SPC_Poincare_Ectopy,time,300.0,49
0.32000000000000006,0.4,0.4,0.4,0.4,0.4,-0.2,2,2,3,3,10,2,SVM_linear,E_HRV_SPC_Poincare_Ectopy,time,300.0,49
0.68,0.5,0.2,0.8,0.5,0.2857142857142857,0.0,1,4,1,4,10,3,SVM_linear,E_HRV_SPC_Poincare_Ectopy,time,300.0,49
0.56,0.5,0.6,0.4,0.5,0.5454545454545454,0.0,3,2,3,2,10,4,SVM_linear,E_HRV_SPC_Poincare_Ectopy,time,300.0,49
0.15999999999999998,0.4,0.8,0.0,0.4444444444444444,0.5714285714285714,-0.3333333333333333,4,0,5,1,10,5,SVM_linear,E_HRV_SPC_Poincare_Ectopy,time,300.0,49
