window_type,window_size,block,model,auc_mean,auc_std,f1_mean,sensitivity,specificity
full_record,1800.0,A_HRV,LogReg,0.656,0.10613199329137281,0.4662337662337662,0.44000000000000006,0.6799999999999999
full_record,1800.0,A_HRV,RandomForest,0.648,0.17417232845661795,0.541991341991342,0.5599999999999999,0.56
full_record,1800.0,B_SPC,LogReg,0.664,0.16119553343687906,0.5415584415584416,0.5199999999999999,0.76
full_record,1800.0,B_SPC,RandomForest,0.712,0.16079800993793428,0.7018181818181818,0.68,0.76
full_record,1800.0,C_HRV_SPC,LogReg,0.6880000000000001,0.12496399481450647,0.5222943722943723,0.5199999999999999,0.6799999999999999
full_record,1800.0,C_HRV_SPC,RandomForest,0.7520000000000001,0.08541662601625052,0.6256277056277056,0.64,0.72
full_record,1800.0,D_HRV_SPC_Poincare,LogReg,0.7040000000000001,0.13047605144240074,0.5344155844155845,0.5199999999999999,0.72
full_record,1800.0,D_HRV_SPC_Poincare,RandomForest,0.76,0.07589466384404109,0.6856277056277057,0.72,0.72
full_record,1800.0,E_HRV_SPC_Poincare_Ectopy,LogReg,0.712,0.11973303637676615,0.5344155844155845,0.5199999999999999,0.72
full_record,1800.0,E_HRV_SPC_Poincare_Ectopy,RandomForest,0.752,0.08908422980528034,0.6707070707070707,0.6799999999999999,0.72
rr_count,50.0,A_HRV,LogReg,0.46399999999999997,0.08616263691415206,0.46333333333333326,0.48,0.48
rr_count,50.0,A_HRV,RandomForest,0.512,0.17045820602130016,0.4668686868686868,0.44000000000000006,0.5599999999999999
rr_count,50.0,B_SPC,LogReg,0.616,0.21256528408938277,0.41761904761904756,0.36,0.8
rr_count,50.0,B_SPC,RandomForest,0.744,0.14880860190190623,0.6573737373737374,0.64,0.72
rr_count,50.0,C_HRV_SPC,LogReg,0.672,0.11142710621747298,0.48623376623376624,0.4800000000000001,0.76
rr_count,50.0,C_HRV_SPC,RandomForest,0.72,0.1264911064067352,0.6707070707070707,0.6799999999999999,0.72
rr_count,50.0,D_HRV_SPC_Poincare,LogReg,0.6880000000000001,0.11702991070662237,0.495930735930736,0.52,0.72
rr_count,50.0,D_HRV_SPC_Poincare,RandomForest,0.736,0.10910545357588686,0.6036075036075037,0.64,0.64
rr_count,50.0,E_HRV_SPC_Poincare_Ectopy,LogReg,0.64,0.15388307249337083,0.5322943722943723,0.5599999999999999,0.7200000000000001
rr_count,50.0,E_HRV_SPC_Poincare_Ectopy,RandomForest,0.72,0.13145341380123984,0.6294949494949493,0.64,0.64
rr_count,100.0,A_HRV,LogReg,0.40800000000000003,0.046647615158762444,0.3577777777777778,0.32,0.5599999999999999
rr_count,100.0,A_HRV,RandomForest,0.5519999999999999,0.1417603611733548,0.5446464646464646,0.6,0.44000000000000006
rr_count,100.0,B_SPC,LogReg,0.76,0.14310835055998655,0.6355555555555557,0.64,0.68
rr_count,100.0,B_SPC,RandomForest,0.8,0.16589153082662175,0.692929292929293,0.6799999999999999,0.76
rr_count,100.0,C_HRV_SPC,LogReg,0.7680000000000001,0.1526302722267113,0.7024242424242424,0.7200000000000001,0.6799999999999999
rr_count,100.0,C_HRV_SPC,RandomForest,0.776,0.17269626515938322,0.6858585858585858,0.6799999999999999,0.76
rr_count,100.0,D_HRV_SPC_Poincare,LogReg,0.768,0.13948476619330158,0.6106782106782107,0.6,0.72
rr_count,100.0,D_HRV_SPC_Poincare,RandomForest,0.792,0.1417603611733548,0.716969696969697,0.72,0.76
rr_count,100.0,E_HRV_SPC_Poincare_Ectopy,LogReg,0.7360000000000001,0.1631686244349691,0.5626262626262626,0.6,0.64
rr_count,100.0,E_HRV_SPC_Poincare_Ectopy,RandomForest,0.792,0.1587954659302337,0.6725252525252525,0.6799999999999999,0.7200000000000001
rr_count,128.0,A_HRV,LogReg,0.42400000000000004,0.06974238309665079,0.26,0.24000000000000005,0.5199999999999999
rr_count,128.0,A_HRV,RandomForest,0.576,0.14880860190190617,0.5444733044733046,0.6,0.44000000000000006
rr_count,128.0,B_SPC,LogReg,0.648,0.19166637681137505,0.6690909090909091,0.68,0.64
rr_count,128.0,B_SPC,RandomForest,0.768,0.1899894733926067,0.6795959595959595,0.64,0.8
rr_count,128.0,C_HRV_SPC,LogReg,0.664,0.18347751905887547,0.5100432900432901,0.52,0.64
rr_count,128.0,C_HRV_SPC,RandomForest,0.776,0.14221111067704942,0.6707070707070707,0.6799999999999999,0.72
rr_count,128.0,D_HRV_SPC_Poincare,LogReg,0.664,0.16119553343687906,0.5771428571428572,0.6,0.64
rr_count,128.0,D_HRV_SPC_Poincare,RandomForest,0.728,0.17780888616714294,0.6525252525252526,0.6399999999999999,0.7600000000000001
rr_count,128.0,E_HRV_SPC_Poincare_Ectopy,LogReg,0.672,0.1394847661933016,0.509090909090909,0.5599999999999999,0.6
rr_count,128.0,E_HRV_SPC_Poincare_Ectopy,RandomForest,0.736,0.1352922762023021,0.6373737373737375,0.6399999999999999,0.7200000000000001
rr_count,200.0,A_HRV,LogReg,0.44800000000000006,0.07332121111929346,0.38131313131313127,0.36,0.52
rr_count,200.0,A_HRV,RandomForest,0.608,0.08541662601625048,0.5987878787878788,0.64,0.5199999999999999
rr_count,200.0,B_SPC,LogReg,0.6880000000000001,0.17045820602130016,0.6244444444444445,0.5599999999999999,0.76
rr_count,200.0,B_SPC,RandomForest,0.752,0.17417232845661795,0.618961038961039,0.6,0.7600000000000001
rr_count,200.0,C_HRV_SPC,LogReg,0.6960000000000001,0.17995555006723188,0.6078499278499278,0.6,0.7200000000000001
rr_count,200.0,C_HRV_SPC,RandomForest,0.736,0.1869331431287668,0.6684848484848486,0.6799999999999999,0.7200000000000001
rr_count,200.0,D_HRV_SPC_Poincare,LogReg,0.7200000000000001,0.1893145530591877,0.5761616161616161,0.6,0.7200000000000001
rr_count,200.0,D_HRV_SPC_Poincare,RandomForest,0.728,0.14620533505997654,0.6456277056277057,0.6799999999999999,0.68
rr_count,200.0,E_HRV_SPC_Poincare_Ectopy,LogReg,0.6880000000000001,0.14620533505997654,0.5616161616161616,0.6,0.68
rr_count,200.0,E_HRV_SPC_Poincare_Ectopy,RandomForest,0.704,0.17636326148038883,0.6256277056277056,0.6399999999999999,0.7200000000000001
time,300.0,A_HRV,LogReg,0.472,0.05878775382679629,0.42666666666666664,0.4,0.52
time,300.0,A_HRV,RandomForest,0.592,0.08158431221748456,0.5716239316239315,0.6,0.5599999999999999
time,300.0,B_SPC,LogReg,0.648,0.15051910177781425,0.6406060606060606,0.64,0.68
time,300.0,B_SPC,RandomForest,0.752,0.19166637681137505,0.7351515151515151,0.72,0.8
time,300.0,C_HRV_SPC,LogReg,0.64,0.1408545348932721,0.6131313131313131,0.64,0.6
time,300.0,C_HRV_SPC,RandomForest,0.736,0.15304901175767194,0.6578865578865578,0.6799999999999999,0.68
time,300.0,D_HRV_SPC_Poincare,LogReg,0.664,0.125475097130865,0.6252525252525253,0.64,0.64
time,300.0,D_HRV_SPC_Poincare,RandomForest,0.744,0.12547509713086505,0.6373737373737374,0.6399999999999999,0.72
time,300.0,E_HRV_SPC_Poincare_Ectopy,LogReg,0.656,0.13529227620230214,0.6252525252525253,0.64,0.64
time,300.0,E_HRV_SPC_Poincare_Ectopy,RandomForest,0.744,0.14444376068214232,0.7018181818181819,0.72,0.7200000000000001
