record_id,pair_id,y,role,record_type,is_continuation
p01,0,0,far_baseline,p_30min_main,False
p02,0,1,pre_onset,p_30min_main,False
p03,1,0,far_baseline,p_30min_main,False
p04,1,1,pre_onset,p_30min_main,False
p05,2,0,far_baseline,p_30min_main,False
p06,2,1,pre_onset,p_30min_main,False
p07,3,0,far_baseline,p_30min_main,False
p08,3,1,pre_onset,p_30min_main,False
p09,4,0,far_baseline,p_30min_main,False
p10,4,1,pre_onset,p_30min_main,False
p11,5,0,far_baseline,p_30min_main,False
p12,5,1,pre_onset,p_30min_main,False
p13,6,0,far_baseline,p_30min_main,False
p14,6,1,pre_onset,p_30min_main,False
p15,7,0,far_baseline,p_30min_main,False
p16,7,1,pre_onset,p_30min_main,False
p17,8,0,far_baseline,p_30min_main,False
p18,8,1,pre_onset,p_30min_main,False
p19,9,0,far_baseline,p_30min_main,False
p20,9,1,pre_onset,p_30min_main,False
p21,10,0,far_baseline,p_30min_main,False
p22,10,1,pre_onset,p_30min_main,False
p23,11,0,far_baseline,p_30min_main,False
p24,11,1,pre_onset,p_30min_main,False
p25,12,0,far_baseline,p_30min_main,False
p26,12,1,pre_onset,p_30min_main,False
p27,13,0,far_baseline,p_30min_main,False
p28,13,1,pre_onset,p_30min_main,False
p29,14,0,far_baseline,p_30min_main,False
p30,14,1,pre_onset,p_30min_main,False
p31,15,0,far_baseline,p_30min_main,False
p32,15,1,pre_onset,p_30min_main,False
p33,16,0,far_baseline,p_30min_main,False
p34,16,1,pre_onset,p_30min_main,False
p35,17,0,far_baseline,p_30min_main,False
p36,17,1,pre_onset,p_30min_main,False
p37,18,0,far_baseline,p_30min_main,False
p38,18,1,pre_onset,p_30min_main,False
p39,19,0,far_baseline,p_30min_main,False
p40,19,1,pre_onset,p_30min_main,False
p41,20,0,far_baseline,p_30min_main,False
p42,20,1,pre_onset,p_30min_main,False
p43,21,0,far_baseline,p_30min_main,False
p44,21,1,pre_onset,p_30min_main,False
p45,22,0,far_baseline,p_30min_main,False
p46,22,1,pre_onset,p_30min_main,False
p47,23,0,far_baseline,p_30min_main,False
p48,23,1,pre_onset,p_30min_main,False
p49,24,0,far_baseline,p_30min_main,False
p50,24,1,pre_onset,p_30min_main,False
