feature,importance,importance_type,model,block,window_type,window_size
mean_rr,-0.1194109856355598,coefficient_scaled,LogReg,A_HRV,full_record,1800.0
median_rr,0.027804121625900548,coefficient_scaled,LogReg,A_HRV,full_record,1800.0
std_rr,-0.04911825703134974,coefficient_scaled,LogReg,A_HRV,full_record,1800.0
mad_rr,0.38612042669860064,coefficient_scaled,LogReg,A_HRV,full_record,1800.0
rmssd,0.32157107963769194,coefficient_scaled,LogReg,A_HRV,full_record,1800.0
sdsd,0.3216813137123178,coefficient_scaled,LogReg,A_HRV,full_record,1800.0
cv_rr,-0.40070170320703,coefficient_scaled,LogReg,A_HRV,full_record,1800.0
rr_diff_mean,-0.32744118544887196,coefficient_scaled,LogReg,A_HRV,full_record,1800.0
rr_diff_std,0.3216813137123187,coefficient_scaled,LogReg,A_HRV,full_record,1800.0
shewhart_out_count,0.6732903671490228,coefficient_scaled,LogReg,B_SPC,full_record,1800.0
shewhart_out_rate,0.8072594543161629,coefficient_scaled,LogReg,B_SPC,full_record,1800.0
shewhart_max_abs_z,-0.01984676405624346,coefficient_scaled,LogReg,B_SPC,full_record,1800.0
shewhart_first_alarm_pos,-0.6016982298869153,coefficient_scaled,LogReg,B_SPC,full_record,1800.0
shewhart_first_alarm_time_sec,0.011668897621135477,coefficient_scaled,LogReg,B_SPC,full_record,1800.0
cusum_pos_max,-0.21400429327076034,coefficient_scaled,LogReg,B_SPC,full_record,1800.0
cusum_neg_max,-0.20863705670267232,coefficient_scaled,LogReg,B_SPC,full_record,1800.0
cusum_abs_max,-0.2901437740419334,coefficient_scaled,LogReg,B_SPC,full_record,1800.0
cusum_last_pos,-0.10793735607227341,coefficient_scaled,LogReg,B_SPC,full_record,1800.0
cusum_last_neg,-0.2634909926066361,coefficient_scaled,LogReg,B_SPC,full_record,1800.0
cusum_alarm_count,0.20654017050683357,coefficient_scaled,LogReg,B_SPC,full_record,1800.0
cusum_first_alarm_pos,0.10995894002813106,coefficient_scaled,LogReg,B_SPC,full_record,1800.0
cusum_first_alarm_time_sec,0.5734661199587364,coefficient_scaled,LogReg,B_SPC,full_record,1800.0
cusum_time_in_alarm,0.39351438713761216,coefficient_scaled,LogReg,B_SPC,full_record,1800.0
cusum_alarm_density,0.3921837119502856,coefficient_scaled,LogReg,B_SPC,full_record,1800.0
ewma_last,-0.26029660721374237,coefficient_scaled,LogReg,B_SPC,full_record,1800.0
ewma_max_abs,0.135114291610388,coefficient_scaled,LogReg,B_SPC,full_record,1800.0
ewma_slope,1.3555448389945277,coefficient_scaled,LogReg,B_SPC,full_record,1800.0
ewma_alarm_count,0.0029194297877412224,coefficient_scaled,LogReg,B_SPC,full_record,1800.0
ewma_first_alarm_time_sec,-0.8005030185418593,coefficient_scaled,LogReg,B_SPC,full_record,1800.0
mr_mean,0.49919189911572587,coefficient_scaled,LogReg,B_SPC,full_record,1800.0
mr_median,0.20720085805650884,coefficient_scaled,LogReg,B_SPC,full_record,1800.0
mr_max,0.9066146425847141,coefficient_scaled,LogReg,B_SPC,full_record,1800.0
mr_mad,0.17218055824055445,coefficient_scaled,LogReg,B_SPC,full_record,1800.0
mr_out_count,0.534395165327586,coefficient_scaled,LogReg,B_SPC,full_record,1800.0
longest_run_above_median,0.20373026383423096,coefficient_scaled,LogReg,B_SPC,full_record,1800.0
longest_run_below_median,-0.6828637771641125,coefficient_scaled,LogReg,B_SPC,full_record,1800.0
trend_run_up_max,-0.3180939966213555,coefficient_scaled,LogReg,B_SPC,full_record,1800.0
trend_run_down_max,-0.09890190197569355,coefficient_scaled,LogReg,B_SPC,full_record,1800.0
n_runs_rule_violations,-0.020916845941284262,coefficient_scaled,LogReg,B_SPC,full_record,1800.0
mean_rr,0.1747699619367588,coefficient_scaled,LogReg,C_HRV_SPC,full_record,1800.0
median_rr,0.2435906804497131,coefficient_scaled,LogReg,C_HRV_SPC,full_record,1800.0
std_rr,-0.024953447903823516,coefficient_scaled,LogReg,C_HRV_SPC,full_record,1800.0
mad_rr,-0.06198391230663102,coefficient_scaled,LogReg,C_HRV_SPC,full_record,1800.0
rmssd,0.22704964399454008,coefficient_scaled,LogReg,C_HRV_SPC,full_record,1800.0
sdsd,0.2270843955233489,coefficient_scaled,LogReg,C_HRV_SPC,full_record,1800.0
cv_rr,-0.06201555151178925,coefficient_scaled,LogReg,C_HRV_SPC,full_record,1800.0
rr_diff_mean,0.0879281713196385,coefficient_scaled,LogReg,C_HRV_SPC,full_record,1800.0
rr_diff_std,0.2270843955233489,coefficient_scaled,LogReg,C_HRV_SPC,full_record,1800.0
shewhart_out_count,0.6429015845349175,coefficient_scaled,LogReg,C_HRV_SPC,full_record,1800.0
shewhart_out_rate,0.7139451429567488,coefficient_scaled,LogReg,C_HRV_SPC,full_record,1800.0
shewhart_max_abs_z,0.0021338558187434537,coefficient_scaled,LogReg,C_HRV_SPC,full_record,1800.0
shewhart_first_alarm_pos,-0.4148970543985318,coefficient_scaled,LogReg,C_HRV_SPC,full_record,1800.0
shewhart_first_alarm_time_sec,-0.07962231468408999,coefficient_scaled,LogReg,C_HRV_SPC,full_record,1800.0
cusum_pos_max,-0.19760814756305145,coefficient_scaled,LogReg,C_HRV_SPC,full_record,1800.0
cusum_neg_max,-0.23423838225996374,coefficient_scaled,LogReg,C_HRV_SPC,full_record,1800.0
cusum_abs_max,-0.279662567347202,coefficient_scaled,LogReg,C_HRV_SPC,full_record,1800.0
cusum_last_pos,-0.05175174636061388,coefficient_scaled,LogReg,C_HRV_SPC,full_record,1800.0
cusum_last_neg,-0.3017826735113799,coefficient_scaled,LogReg,C_HRV_SPC,full_record,1800.0
cusum_alarm_count,0.42226137296150806,coefficient_scaled,LogReg,C_HRV_SPC,full_record,1800.0
cusum_first_alarm_pos,0.2730879005596315,coefficient_scaled,LogReg,C_HRV_SPC,full_record,1800.0
cusum_first_alarm_time_sec,0.505283944031874,coefficient_scaled,LogReg,C_HRV_SPC,full_record,1800.0
cusum_time_in_alarm,0.3542991323362978,coefficient_scaled,LogReg,C_HRV_SPC,full_record,1800.0
cusum_alarm_density,0.35280077032547774,coefficient_scaled,LogReg,C_HRV_SPC,full_record,1800.0
ewma_last,-0.24123443056391494,coefficient_scaled,LogReg,C_HRV_SPC,full_record,1800.0
ewma_max_abs,0.14378124886166208,coefficient_scaled,LogReg,C_HRV_SPC,full_record,1800.0
ewma_slope,1.445443228159905,coefficient_scaled,LogReg,C_HRV_SPC,full_record,1800.0
ewma_alarm_count,0.1530546534961083,coefficient_scaled,LogReg,C_HRV_SPC,full_record,1800.0
ewma_first_alarm_time_sec,-0.9157566799389948,coefficient_scaled,LogReg,C_HRV_SPC,full_record,1800.0
mr_mean,0.0879281713196385,coefficient_scaled,LogReg,C_HRV_SPC,full_record,1800.0
mr_median,0.2440844080331805,coefficient_scaled,LogReg,C_HRV_SPC,full_record,1800.0
mr_max,0.7782845697288608,coefficient_scaled,LogReg,C_HRV_SPC,full_record,1800.0
mr_mad,0.32662393555651775,coefficient_scaled,LogReg,C_HRV_SPC,full_record,1800.0
mr_out_count,0.4942152704897624,coefficient_scaled,LogReg,C_HRV_SPC,full_record,1800.0
longest_run_above_median,0.21628682260143797,coefficient_scaled,LogReg,C_HRV_SPC,full_record,1800.0
longest_run_below_median,-0.6425932260092174,coefficient_scaled,LogReg,C_HRV_SPC,full_record,1800.0
trend_run_up_max,-0.3093334732933981,coefficient_scaled,LogReg,C_HRV_SPC,full_record,1800.0
trend_run_down_max,-0.10420071561797019,coefficient_scaled,LogReg,C_HRV_SPC,full_record,1800.0
n_runs_rule_violations,-0.0003443931931584489,coefficient_scaled,LogReg,C_HRV_SPC,full_record,1800.0
mean_rr,0.20475311342874813,coefficient_scaled,LogReg,D_HRV_SPC_Poincare,full_record,1800.0
median_rr,0.2963886177856472,coefficient_scaled,LogReg,D_HRV_SPC_Poincare,full_record,1800.0
std_rr,0.09081512010483972,coefficient_scaled,LogReg,D_HRV_SPC_Poincare,full_record,1800.0
mad_rr,0.10555239270620126,coefficient_scaled,LogReg,D_HRV_SPC_Poincare,full_record,1800.0
rmssd,0.08110812579599183,coefficient_scaled,LogReg,D_HRV_SPC_Poincare,full_record,1800.0
sdsd,0.081141009311944,coefficient_scaled,LogReg,D_HRV_SPC_Poincare,full_record,1800.0
cv_rr,0.032172063709598,coefficient_scaled,LogReg,D_HRV_SPC_Poincare,full_record,1800.0
rr_diff_mean,0.014058697380161638,coefficient_scaled,LogReg,D_HRV_SPC_Poincare,full_record,1800.0
rr_diff_std,0.081141009311944,coefficient_scaled,LogReg,D_HRV_SPC_Poincare,full_record,1800.0
shewhart_out_count,0.5478690582737813,coefficient_scaled,LogReg,D_HRV_SPC_Poincare,full_record,1800.0
shewhart_out_rate,0.6000054371850905,coefficient_scaled,LogReg,D_HRV_SPC_Poincare,full_record,1800.0
shewhart_max_abs_z,0.0216643531775438,coefficient_scaled,LogReg,D_HRV_SPC_Poincare,full_record,1800.0
shewhart_first_alarm_pos,-0.4138541672798627,coefficient_scaled,LogReg,D_HRV_SPC_Poincare,full_record,1800.0
shewhart_first_alarm_time_sec,-0.13190654437293947,coefficient_scaled,LogReg,D_HRV_SPC_Poincare,full_record,1800.0
cusum_pos_max,-0.185128014964611,coefficient_scaled,LogReg,D_HRV_SPC_Poincare,full_record,1800.0
cusum_neg_max,-0.17640269905255465,coefficient_scaled,LogReg,D_HRV_SPC_Poincare,full_record,1800.0
cusum_abs_max,-0.24276799140828154,coefficient_scaled,LogReg,D_HRV_SPC_Poincare,full_record,1800.0
cusum_last_pos,-0.04982535258530357,coefficient_scaled,LogReg,D_HRV_SPC_Poincare,full_record,1800.0
cusum_last_neg,-0.26680548768216666,coefficient_scaled,LogReg,D_HRV_SPC_Poincare,full_record,1800.0
cusum_alarm_count,0.4245431967500882,coefficient_scaled,LogReg,D_HRV_SPC_Poincare,full_record,1800.0
cusum_first_alarm_pos,0.2826007491314679,coefficient_scaled,LogReg,D_HRV_SPC_Poincare,full_record,1800.0
cusum_first_alarm_time_sec,0.510857807421792,coefficient_scaled,LogReg,D_HRV_SPC_Poincare,full_record,1800.0
cusum_time_in_alarm,0.3921287928191594,coefficient_scaled,LogReg,D_HRV_SPC_Poincare,full_record,1800.0
cusum_alarm_density,0.3906908254242582,coefficient_scaled,LogReg,D_HRV_SPC_Poincare,full_record,1800.0
ewma_last,-0.29641052181783795,coefficient_scaled,LogReg,D_HRV_SPC_Poincare,full_record,1800.0
ewma_max_abs,0.06852017582452596,coefficient_scaled,LogReg,D_HRV_SPC_Poincare,full_record,1800.0
ewma_slope,1.3267282048864144,coefficient_scaled,LogReg,D_HRV_SPC_Poincare,full_record,1800.0
ewma_alarm_count,0.15216868975650882,coefficient_scaled,LogReg,D_HRV_SPC_Poincare,full_record,1800.0
ewma_first_alarm_time_sec,-1.02654182579289,coefficient_scaled,LogReg,D_HRV_SPC_Poincare,full_record,1800.0
mr_mean,0.014058697380161638,coefficient_scaled,LogReg,D_HRV_SPC_Poincare,full_record,1800.0
mr_median,0.19040250192983343,coefficient_scaled,LogReg,D_HRV_SPC_Poincare,full_record,1800.0
mr_max,0.7945031019093507,coefficient_scaled,LogReg,D_HRV_SPC_Poincare,full_record,1800.0
mr_mad,0.3346501431848237,coefficient_scaled,LogReg,D_HRV_SPC_Poincare,full_record,1800.0
mr_out_count,0.3677237445279298,coefficient_scaled,LogReg,D_HRV_SPC_Poincare,full_record,1800.0
longest_run_above_median,0.3322135585177082,coefficient_scaled,LogReg,D_HRV_SPC_Poincare,full_record,1800.0
longest_run_below_median,-0.5562231992197706,coefficient_scaled,LogReg,D_HRV_SPC_Poincare,full_record,1800.0
trend_run_up_max,-0.2769091877723787,coefficient_scaled,LogReg,D_HRV_SPC_Poincare,full_record,1800.0
trend_run_down_max,-0.12409941025826825,coefficient_scaled,LogReg,D_HRV_SPC_Poincare,full_record,1800.0
n_runs_rule_violations,0.0855144590528347,coefficient_scaled,LogReg,D_HRV_SPC_Poincare,full_record,1800.0
sd1,0.08110812579599164,coefficient_scaled,LogReg,D_HRV_SPC_Poincare,full_record,1800.0
sd2,-0.04091355532674543,coefficient_scaled,LogReg,D_HRV_SPC_Poincare,full_record,1800.0
sd1_sd2_ratio,0.7634497516862961,coefficient_scaled,LogReg,D_HRV_SPC_Poincare,full_record,1800.0
mean_rr,0.28053978287137005,coefficient_scaled,LogReg,E_HRV_SPC_Poincare_Ectopy,full_record,1800.0
median_rr,0.38424432847475737,coefficient_scaled,LogReg,E_HRV_SPC_Poincare_Ectopy,full_record,1800.0
std_rr,0.04744911887784512,coefficient_scaled,LogReg,E_HRV_SPC_Poincare_Ectopy,full_record,1800.0
mad_rr,0.03701074575082386,coefficient_scaled,LogReg,E_HRV_SPC_Poincare_Ectopy,full_record,1800.0
rmssd,0.02108696030360741,coefficient_scaled,LogReg,E_HRV_SPC_Poincare_Ectopy,full_record,1800.0
sdsd,0.021131767703703418,coefficient_scaled,LogReg,E_HRV_SPC_Poincare_Ectopy,full_record,1800.0
cv_rr,-0.07954953783508643,coefficient_scaled,LogReg,E_HRV_SPC_Poincare_Ectopy,full_record,1800.0
rr_diff_mean,-0.08173895235011477,coefficient_scaled,LogReg,E_HRV_SPC_Poincare_Ectopy,full_record,1800.0
rr_diff_std,0.021131767703703418,coefficient_scaled,LogReg,E_HRV_SPC_Poincare_Ectopy,full_record,1800.0
shewhart_out_count,0.4997284938119493,coefficient_scaled,LogReg,E_HRV_SPC_Poincare_Ectopy,full_record,1800.0
shewhart_out_rate,0.5775978466448397,coefficient_scaled,LogReg,E_HRV_SPC_Poincare_Ectopy,full_record,1800.0
shewhart_max_abs_z,0.038085244855662385,coefficient_scaled,LogReg,E_HRV_SPC_Poincare_Ectopy,full_record,1800.0
shewhart_first_alarm_pos,-0.34407709689653815,coefficient_scaled,LogReg,E_HRV_SPC_Poincare_Ectopy,full_record,1800.0
shewhart_first_alarm_time_sec,-0.16659167962631583,coefficient_scaled,LogReg,E_HRV_SPC_Poincare_Ectopy,full_record,1800.0
cusum_pos_max,-0.1536410083605205,coefficient_scaled,LogReg,E_HRV_SPC_Poincare_Ectopy,full_record,1800.0
cusum_neg_max,-0.19509851089357858,coefficient_scaled,LogReg,E_HRV_SPC_Poincare_Ectopy,full_record,1800.0
cusum_abs_max,-0.20005694293212262,coefficient_scaled,LogReg,E_HRV_SPC_Poincare_Ectopy,full_record,1800.0
cusum_last_pos,0.017701277658945098,coefficient_scaled,LogReg,E_HRV_SPC_Poincare_Ectopy,full_record,1800.0
cusum_last_neg,-0.28525283549597097,coefficient_scaled,LogReg,E_HRV_SPC_Poincare_Ectopy,full_record,1800.0
cusum_alarm_count,0.4502623705754788,coefficient_scaled,LogReg,E_HRV_SPC_Poincare_Ectopy,full_record,1800.0
cusum_first_alarm_pos,0.27727051847916534,coefficient_scaled,LogReg,E_HRV_SPC_Poincare_Ectopy,full_record,1800.0
cusum_first_alarm_time_sec,0.5632679883100044,coefficient_scaled,LogReg,E_HRV_SPC_Poincare_Ectopy,full_record,1800.0
cusum_time_in_alarm,0.45998017636460764,coefficient_scaled,LogReg,E_HRV_SPC_Poincare_Ectopy,full_record,1800.0
cusum_alarm_density,0.4585011167407254,coefficient_scaled,LogReg,E_HRV_SPC_Poincare_Ectopy,full_record,1800.0
ewma_last,-0.3428507394997755,coefficient_scaled,LogReg,E_HRV_SPC_Poincare_Ectopy,full_record,1800.0
ewma_max_abs,0.07672917497413415,coefficient_scaled,LogReg,E_HRV_SPC_Poincare_Ectopy,full_record,1800.0
ewma_slope,1.3077540914586676,coefficient_scaled,LogReg,E_HRV_SPC_Poincare_Ectopy,full_record,1800.0
ewma_alarm_count,0.08478012810035121,coefficient_scaled,LogReg,E_HRV_SPC_Poincare_Ectopy,full_record,1800.0
ewma_first_alarm_time_sec,-0.9515920249839382,coefficient_scaled,LogReg,E_HRV_SPC_Poincare_Ectopy,full_record,1800.0
mr_mean,-0.08173895235011477,coefficient_scaled,LogReg,E_HRV_SPC_Poincare_Ectopy,full_record,1800.0
mr_median,0.16638292991888934,coefficient_scaled,LogReg,E_HRV_SPC_Poincare_Ectopy,full_record,1800.0
mr_max,0.9614519384625304,coefficient_scaled,LogReg,E_HRV_SPC_Poincare_Ectopy,full_record,1800.0
mr_mad,0.2600207100018147,coefficient_scaled,LogReg,E_HRV_SPC_Poincare_Ectopy,full_record,1800.0
mr_out_count,0.20117183737291033,coefficient_scaled,LogReg,E_HRV_SPC_Poincare_Ectopy,full_record,1800.0
longest_run_above_median,0.2721830667494187,coefficient_scaled,LogReg,E_HRV_SPC_Poincare_Ectopy,full_record,1800.0
longest_run_below_median,-0.5262807781219722,coefficient_scaled,LogReg,E_HRV_SPC_Poincare_Ectopy,full_record,1800.0
trend_run_up_max,-0.2902232352007178,coefficient_scaled,LogReg,E_HRV_SPC_Poincare_Ectopy,full_record,1800.0
trend_run_down_max,-0.15738747987623766,coefficient_scaled,LogReg,E_HRV_SPC_Poincare_Ectopy,full_record,1800.0
n_runs_rule_violations,0.18988778637828568,coefficient_scaled,LogReg,E_HRV_SPC_Poincare_Ectopy,full_record,1800.0
sd1,0.021086960303607207,coefficient_scaled,LogReg,E_HRV_SPC_Poincare_Ectopy,full_record,1800.0
sd2,-0.0548963954704487,coefficient_scaled,LogReg,E_HRV_SPC_Poincare_Ectopy,full_record,1800.0
sd1_sd2_ratio,0.6670814433077086,coefficient_scaled,LogReg,E_HRV_SPC_Poincare_Ectopy,full_record,1800.0
ectopy_like_count,0.034457774406078105,coefficient_scaled,LogReg,E_HRV_SPC_Poincare_Ectopy,full_record,1800.0
ectopy_like_density,0.10725259388703476,coefficient_scaled,LogReg,E_HRV_SPC_Poincare_Ectopy,full_record,1800.0
short_long_sequence_count,0.2676967636877006,coefficient_scaled,LogReg,E_HRV_SPC_Poincare_Ectopy,full_record,1800.0
compensatory_pause_like_count,0.2676967636877006,coefficient_scaled,LogReg,E_HRV_SPC_Poincare_Ectopy,full_record,1800.0
bigeminy_like_pattern_count,0.12816283418184132,coefficient_scaled,LogReg,E_HRV_SPC_Poincare_Ectopy,full_record,1800.0
trigeminy_like_pattern_count,0.3234500936709674,coefficient_scaled,LogReg,E_HRV_SPC_Poincare_Ectopy,full_record,1800.0
atrial_tachy_like_run_count,0.09411768738231402,coefficient_scaled,LogReg,E_HRV_SPC_Poincare_Ectopy,full_record,1800.0
mean_rr,-0.02715766298854193,coefficient_scaled,LogReg,A_HRV,rr_count,50.0
median_rr,-0.02915625204495581,coefficient_scaled,LogReg,A_HRV,rr_count,50.0
std_rr,-0.31240492624898014,coefficient_scaled,LogReg,A_HRV,rr_count,50.0
mad_rr,0.19514556742564546,coefficient_scaled,LogReg,A_HRV,rr_count,50.0
rmssd,0.3003425902181405,coefficient_scaled,LogReg,A_HRV,rr_count,50.0
sdsd,0.3023521423248268,coefficient_scaled,LogReg,A_HRV,rr_count,50.0
cv_rr,-0.45066182332163757,coefficient_scaled,LogReg,A_HRV,rr_count,50.0
rr_diff_mean,-0.10888190146048919,coefficient_scaled,LogReg,A_HRV,rr_count,50.0
rr_diff_std,0.3023521423248274,coefficient_scaled,LogReg,A_HRV,rr_count,50.0
shewhart_out_count,1.2938609615779315,coefficient_scaled,LogReg,B_SPC,rr_count,50.0
shewhart_out_rate,0.33470560633172053,coefficient_scaled,LogReg,B_SPC,rr_count,50.0
shewhart_max_abs_z,-0.4704541113869537,coefficient_scaled,LogReg,B_SPC,rr_count,50.0
shewhart_first_alarm_pos,0.06383659806604716,coefficient_scaled,LogReg,B_SPC,rr_count,50.0
shewhart_first_alarm_time_sec,-0.2024893382659476,coefficient_scaled,LogReg,B_SPC,rr_count,50.0
cusum_pos_max,-0.7401652320333539,coefficient_scaled,LogReg,B_SPC,rr_count,50.0
cusum_neg_max,-0.1035404386469102,coefficient_scaled,LogReg,B_SPC,rr_count,50.0
cusum_abs_max,-0.4313160317837239,coefficient_scaled,LogReg,B_SPC,rr_count,50.0
cusum_last_pos,-0.03960991560143891,coefficient_scaled,LogReg,B_SPC,rr_count,50.0
cusum_last_neg,-0.9007779507796488,coefficient_scaled,LogReg,B_SPC,rr_count,50.0
cusum_alarm_count,0.34509284265402773,coefficient_scaled,LogReg,B_SPC,rr_count,50.0
cusum_first_alarm_pos,0.5464757647001107,coefficient_scaled,LogReg,B_SPC,rr_count,50.0
cusum_first_alarm_time_sec,0.11052132750830625,coefficient_scaled,LogReg,B_SPC,rr_count,50.0
cusum_time_in_alarm,0.12523906253960096,coefficient_scaled,LogReg,B_SPC,rr_count,50.0
cusum_alarm_density,0.18467560759013782,coefficient_scaled,LogReg,B_SPC,rr_count,50.0
ewma_last,-0.8456768576710384,coefficient_scaled,LogReg,B_SPC,rr_count,50.0
ewma_max_abs,0.5989752412958539,coefficient_scaled,LogReg,B_SPC,rr_count,50.0
ewma_slope,-0.2538891447986334,coefficient_scaled,LogReg,B_SPC,rr_count,50.0
ewma_alarm_count,-0.18098927003444523,coefficient_scaled,LogReg,B_SPC,rr_count,50.0
ewma_first_alarm_time_sec,-0.37893029769928066,coefficient_scaled,LogReg,B_SPC,rr_count,50.0
mr_mean,-0.25910793396224624,coefficient_scaled,LogReg,B_SPC,rr_count,50.0
mr_median,0.6467412667630613,coefficient_scaled,LogReg,B_SPC,rr_count,50.0
mr_max,0.9212769333255302,coefficient_scaled,LogReg,B_SPC,rr_count,50.0
mr_mad,0.1543771553789388,coefficient_scaled,LogReg,B_SPC,rr_count,50.0
mr_out_count,0.2992691618615861,coefficient_scaled,LogReg,B_SPC,rr_count,50.0
longest_run_above_median,-0.39595100495564184,coefficient_scaled,LogReg,B_SPC,rr_count,50.0
longest_run_below_median,-0.0954642678069274,coefficient_scaled,LogReg,B_SPC,rr_count,50.0
trend_run_up_max,0.04550510592636802,coefficient_scaled,LogReg,B_SPC,rr_count,50.0
trend_run_down_max,-0.0018320703206749303,coefficient_scaled,LogReg,B_SPC,rr_count,50.0
n_runs_rule_violations,0.1782198919201626,coefficient_scaled,LogReg,B_SPC,rr_count,50.0
mean_rr,0.24734506300545808,coefficient_scaled,LogReg,C_HRV_SPC,rr_count,50.0
median_rr,0.28089588536244364,coefficient_scaled,LogReg,C_HRV_SPC,rr_count,50.0
std_rr,-0.5274720244929241,coefficient_scaled,LogReg,C_HRV_SPC,rr_count,50.0
mad_rr,0.17303849992772827,coefficient_scaled,LogReg,C_HRV_SPC,rr_count,50.0
rmssd,0.38446948863991437,coefficient_scaled,LogReg,C_HRV_SPC,rr_count,50.0
sdsd,0.386318906125127,coefficient_scaled,LogReg,C_HRV_SPC,rr_count,50.0
cv_rr,-1.1877126975691272,coefficient_scaled,LogReg,C_HRV_SPC,rr_count,50.0
rr_diff_mean,-0.06435339101498361,coefficient_scaled,LogReg,C_HRV_SPC,rr_count,50.0
rr_diff_std,0.386318906125127,coefficient_scaled,LogReg,C_HRV_SPC,rr_count,50.0
shewhart_out_count,1.136670866057588,coefficient_scaled,LogReg,C_HRV_SPC,rr_count,50.0
shewhart_out_rate,0.24554546536774835,coefficient_scaled,LogReg,C_HRV_SPC,rr_count,50.0
shewhart_max_abs_z,-0.3408850536948903,coefficient_scaled,LogReg,C_HRV_SPC,rr_count,50.0
shewhart_first_alarm_pos,-0.05745865297192528,coefficient_scaled,LogReg,C_HRV_SPC,rr_count,50.0
shewhart_first_alarm_time_sec,-0.2779316517351888,coefficient_scaled,LogReg,C_HRV_SPC,rr_count,50.0
cusum_pos_max,-0.689109190097351,coefficient_scaled,LogReg,C_HRV_SPC,rr_count,50.0
cusum_neg_max,0.28240184129269186,coefficient_scaled,LogReg,C_HRV_SPC,rr_count,50.0
cusum_abs_max,-0.12083952081399492,coefficient_scaled,LogReg,C_HRV_SPC,rr_count,50.0
cusum_last_pos,-0.042106381888186405,coefficient_scaled,LogReg,C_HRV_SPC,rr_count,50.0
cusum_last_neg,-0.747568868569346,coefficient_scaled,LogReg,C_HRV_SPC,rr_count,50.0
cusum_alarm_count,0.47556334564776265,coefficient_scaled,LogReg,C_HRV_SPC,rr_count,50.0
cusum_first_alarm_pos,0.6110664936153017,coefficient_scaled,LogReg,C_HRV_SPC,rr_count,50.0
cusum_first_alarm_time_sec,0.08173911142116559,coefficient_scaled,LogReg,C_HRV_SPC,rr_count,50.0
cusum_time_in_alarm,-0.0811369840793497,coefficient_scaled,LogReg,C_HRV_SPC,rr_count,50.0
cusum_alarm_density,0.11583178197289032,coefficient_scaled,LogReg,C_HRV_SPC,rr_count,50.0
ewma_last,-0.73507993061922,coefficient_scaled,LogReg,C_HRV_SPC,rr_count,50.0
ewma_max_abs,0.4354010310962577,coefficient_scaled,LogReg,C_HRV_SPC,rr_count,50.0
ewma_slope,-0.23470047687998297,coefficient_scaled,LogReg,C_HRV_SPC,rr_count,50.0
ewma_alarm_count,-0.03920324461755022,coefficient_scaled,LogReg,C_HRV_SPC,rr_count,50.0
ewma_first_alarm_time_sec,-0.4508277310130503,coefficient_scaled,LogReg,C_HRV_SPC,rr_count,50.0
mr_mean,-0.06435339101498361,coefficient_scaled,LogReg,C_HRV_SPC,rr_count,50.0
mr_median,0.608306348434298,coefficient_scaled,LogReg,C_HRV_SPC,rr_count,50.0
mr_max,0.8950035853924544,coefficient_scaled,LogReg,C_HRV_SPC,rr_count,50.0
mr_mad,0.4317324217545107,coefficient_scaled,LogReg,C_HRV_SPC,rr_count,50.0
mr_out_count,0.47573493583685655,coefficient_scaled,LogReg,C_HRV_SPC,rr_count,50.0
longest_run_above_median,-0.3424124427399498,coefficient_scaled,LogReg,C_HRV_SPC,rr_count,50.0
longest_run_below_median,-0.25972714359569116,coefficient_scaled,LogReg,C_HRV_SPC,rr_count,50.0
trend_run_up_max,0.14526775246311352,coefficient_scaled,LogReg,C_HRV_SPC,rr_count,50.0
trend_run_down_max,0.04388620760874731,coefficient_scaled,LogReg,C_HRV_SPC,rr_count,50.0
n_runs_rule_violations,0.3752994357053405,coefficient_scaled,LogReg,C_HRV_SPC,rr_count,50.0
mean_rr,0.2670039650003136,coefficient_scaled,LogReg,D_HRV_SPC_Poincare,rr_count,50.0
median_rr,0.29376421889498167,coefficient_scaled,LogReg,D_HRV_SPC_Poincare,rr_count,50.0
std_rr,-0.3629155874050503,coefficient_scaled,LogReg,D_HRV_SPC_Poincare,rr_count,50.0
mad_rr,0.1891705553540668,coefficient_scaled,LogReg,D_HRV_SPC_Poincare,rr_count,50.0
rmssd,0.3648607778253475,coefficient_scaled,LogReg,D_HRV_SPC_Poincare,rr_count,50.0
sdsd,0.36612657601508697,coefficient_scaled,LogReg,D_HRV_SPC_Poincare,rr_count,50.0
cv_rr,-0.9711905381908778,coefficient_scaled,LogReg,D_HRV_SPC_Poincare,rr_count,50.0
rr_diff_mean,-0.09455561059560845,coefficient_scaled,LogReg,D_HRV_SPC_Poincare,rr_count,50.0
rr_diff_std,0.36612657601508697,coefficient_scaled,LogReg,D_HRV_SPC_Poincare,rr_count,50.0
shewhart_out_count,1.1019181377461735,coefficient_scaled,LogReg,D_HRV_SPC_Poincare,rr_count,50.0
shewhart_out_rate,0.23487140307579418,coefficient_scaled,LogReg,D_HRV_SPC_Poincare,rr_count,50.0
shewhart_max_abs_z,-0.3302442930935776,coefficient_scaled,LogReg,D_HRV_SPC_Poincare,rr_count,50.0
shewhart_first_alarm_pos,-0.006550317161348502,coefficient_scaled,LogReg,D_HRV_SPC_Poincare,rr_count,50.0
shewhart_first_alarm_time_sec,-0.31770716280331546,coefficient_scaled,LogReg,D_HRV_SPC_Poincare,rr_count,50.0
cusum_pos_max,-0.6313511968039096,coefficient_scaled,LogReg,D_HRV_SPC_Poincare,rr_count,50.0
cusum_neg_max,0.4052020089111673,coefficient_scaled,LogReg,D_HRV_SPC_Poincare,rr_count,50.0
cusum_abs_max,-0.05494801193925449,coefficient_scaled,LogReg,D_HRV_SPC_Poincare,rr_count,50.0
cusum_last_pos,-0.06291452358681185,coefficient_scaled,LogReg,D_HRV_SPC_Poincare,rr_count,50.0
cusum_last_neg,-0.7370626347107352,coefficient_scaled,LogReg,D_HRV_SPC_Poincare,rr_count,50.0
cusum_alarm_count,0.46547831481964924,coefficient_scaled,LogReg,D_HRV_SPC_Poincare,rr_count,50.0
cusum_first_alarm_pos,0.6713613332833458,coefficient_scaled,LogReg,D_HRV_SPC_Poincare,rr_count,50.0
cusum_first_alarm_time_sec,0.10909694375640555,coefficient_scaled,LogReg,D_HRV_SPC_Poincare,rr_count,50.0
cusum_time_in_alarm,-0.07016122323543789,coefficient_scaled,LogReg,D_HRV_SPC_Poincare,rr_count,50.0
cusum_alarm_density,0.0839681923620312,coefficient_scaled,LogReg,D_HRV_SPC_Poincare,rr_count,50.0
ewma_last,-0.687036468356073,coefficient_scaled,LogReg,D_HRV_SPC_Poincare,rr_count,50.0
ewma_max_abs,0.35874504790136524,coefficient_scaled,LogReg,D_HRV_SPC_Poincare,rr_count,50.0
ewma_slope,-0.28932821833723593,coefficient_scaled,LogReg,D_HRV_SPC_Poincare,rr_count,50.0
ewma_alarm_count,-0.03897136727602904,coefficient_scaled,LogReg,D_HRV_SPC_Poincare,rr_count,50.0
ewma_first_alarm_time_sec,-0.5533050954858092,coefficient_scaled,LogReg,D_HRV_SPC_Poincare,rr_count,50.0
mr_mean,-0.09455561059560845,coefficient_scaled,LogReg,D_HRV_SPC_Poincare,rr_count,50.0
mr_median,0.5531455119795765,coefficient_scaled,LogReg,D_HRV_SPC_Poincare,rr_count,50.0
mr_max,0.8945776480157268,coefficient_scaled,LogReg,D_HRV_SPC_Poincare,rr_count,50.0
mr_mad,0.40272973257940226,coefficient_scaled,LogReg,D_HRV_SPC_Poincare,rr_count,50.0
mr_out_count,0.4537909287240031,coefficient_scaled,LogReg,D_HRV_SPC_Poincare,rr_count,50.0
longest_run_above_median,-0.32634972736958623,coefficient_scaled,LogReg,D_HRV_SPC_Poincare,rr_count,50.0
longest_run_below_median,-0.20742057346977838,coefficient_scaled,LogReg,D_HRV_SPC_Poincare,rr_count,50.0
trend_run_up_max,0.24131769735545416,coefficient_scaled,LogReg,D_HRV_SPC_Poincare,rr_count,50.0
trend_run_down_max,0.11316368346399208,coefficient_scaled,LogReg,D_HRV_SPC_Poincare,rr_count,50.0
n_runs_rule_violations,0.4176892578574065,coefficient_scaled,LogReg,D_HRV_SPC_Poincare,rr_count,50.0
sd1,0.36486077782534787,coefficient_scaled,LogReg,D_HRV_SPC_Poincare,rr_count,50.0
sd2,-0.7858225970172815,coefficient_scaled,LogReg,D_HRV_SPC_Poincare,rr_count,50.0
sd1_sd2_ratio,0.272580040027623,coefficient_scaled,LogReg,D_HRV_SPC_Poincare,rr_count,50.0
mean_rr,0.3556485755410838,coefficient_scaled,LogReg,E_HRV_SPC_Poincare_Ectopy,rr_count,50.0
median_rr,0.37054477561776894,coefficient_scaled,LogReg,E_HRV_SPC_Poincare_Ectopy,rr_count,50.0
std_rr,-0.4312630255844157,coefficient_scaled,LogReg,E_HRV_SPC_Poincare_Ectopy,rr_count,50.0
mad_rr,0.019285999347563292,coefficient_scaled,LogReg,E_HRV_SPC_Poincare_Ectopy,rr_count,50.0
rmssd,0.2366082686428772,coefficient_scaled,LogReg,E_HRV_SPC_Poincare_Ectopy,rr_count,50.0
sdsd,0.2388394496611359,coefficient_scaled,LogReg,E_HRV_SPC_Poincare_Ectopy,rr_count,50.0
cv_rr,-1.033264778947441,coefficient_scaled,LogReg,E_HRV_SPC_Poincare_Ectopy,rr_count,50.0
rr_diff_mean,-0.08504027570353746,coefficient_scaled,LogReg,E_HRV_SPC_Poincare_Ectopy,rr_count,50.0
rr_diff_std,0.2388394496611359,coefficient_scaled,LogReg,E_HRV_SPC_Poincare_Ectopy,rr_count,50.0
shewhart_out_count,0.9424431038764841,coefficient_scaled,LogReg,E_HRV_SPC_Poincare_Ectopy,rr_count,50.0
shewhart_out_rate,0.2770568733109186,coefficient_scaled,LogReg,E_HRV_SPC_Poincare_Ectopy,rr_count,50.0
shewhart_max_abs_z,-0.16346145577564827,coefficient_scaled,LogReg,E_HRV_SPC_Poincare_Ectopy,rr_count,50.0
shewhart_first_alarm_pos,0.07269055144678506,coefficient_scaled,LogReg,E_HRV_SPC_Poincare_Ectopy,rr_count,50.0
shewhart_first_alarm_time_sec,-0.25671305112662174,coefficient_scaled,LogReg,E_HRV_SPC_Poincare_Ectopy,rr_count,50.0
cusum_pos_max,-0.4143120364532491,coefficient_scaled,LogReg,E_HRV_SPC_Poincare_Ectopy,rr_count,50.0
cusum_neg_max,0.22484257874806887,coefficient_scaled,LogReg,E_HRV_SPC_Poincare_Ectopy,rr_count,50.0
cusum_abs_max,-0.19535253034002367,coefficient_scaled,LogReg,E_HRV_SPC_Poincare_Ectopy,rr_count,50.0
cusum_last_pos,0.03421046890647798,coefficient_scaled,LogReg,E_HRV_SPC_Poincare_Ectopy,rr_count,50.0
cusum_last_neg,-0.5694596598426783,coefficient_scaled,LogReg,E_HRV_SPC_Poincare_Ectopy,rr_count,50.0
cusum_alarm_count,0.5029146939745327,coefficient_scaled,LogReg,E_HRV_SPC_Poincare_Ectopy,rr_count,50.0
cusum_first_alarm_pos,0.6411031816695605,coefficient_scaled,LogReg,E_HRV_SPC_Poincare_Ectopy,rr_count,50.0
cusum_first_alarm_time_sec,0.1326834266762607,coefficient_scaled,LogReg,E_HRV_SPC_Poincare_Ectopy,rr_count,50.0
cusum_time_in_alarm,-0.06048016548865361,coefficient_scaled,LogReg,E_HRV_SPC_Poincare_Ectopy,rr_count,50.0
cusum_alarm_density,0.013103929129406085,coefficient_scaled,LogReg,E_HRV_SPC_Poincare_Ectopy,rr_count,50.0
ewma_last,-0.6610284643849434,coefficient_scaled,LogReg,E_HRV_SPC_Poincare_Ectopy,rr_count,50.0
ewma_max_abs,0.2646330754300837,coefficient_scaled,LogReg,E_HRV_SPC_Poincare_Ectopy,rr_count,50.0
ewma_slope,-0.3949289717063077,coefficient_scaled,LogReg,E_HRV_SPC_Poincare_Ectopy,rr_count,50.0
ewma_alarm_count,0.16780787537744196,coefficient_scaled,LogReg,E_HRV_SPC_Poincare_Ectopy,rr_count,50.0
ewma_first_alarm_time_sec,-0.46933381821731057,coefficient_scaled,LogReg,E_HRV_SPC_Poincare_Ectopy,rr_count,50.0
mr_mean,-0.08504027570353746,coefficient_scaled,LogReg,E_HRV_SPC_Poincare_Ectopy,rr_count,50.0
mr_median,0.35348364739655125,coefficient_scaled,LogReg,E_HRV_SPC_Poincare_Ectopy,rr_count,50.0
mr_max,0.9601804746222696,coefficient_scaled,LogReg,E_HRV_SPC_Poincare_Ectopy,rr_count,50.0
mr_mad,0.6130376305432637,coefficient_scaled,LogReg,E_HRV_SPC_Poincare_Ectopy,rr_count,50.0
mr_out_count,0.6087443749792433,coefficient_scaled,LogReg,E_HRV_SPC_Poincare_Ectopy,rr_count,50.0
longest_run_above_median,-0.3376860815789248,coefficient_scaled,LogReg,E_HRV_SPC_Poincare_Ectopy,rr_count,50.0
longest_run_below_median,-0.23796376776912234,coefficient_scaled,LogReg,E_HRV_SPC_Poincare_Ectopy,rr_count,50.0
trend_run_up_max,0.3474880625334962,coefficient_scaled,LogReg,E_HRV_SPC_Poincare_Ectopy,rr_count,50.0
trend_run_down_max,0.04676151198495809,coefficient_scaled,LogReg,E_HRV_SPC_Poincare_Ectopy,rr_count,50.0
n_runs_rule_violations,0.19679271579815455,coefficient_scaled,LogReg,E_HRV_SPC_Poincare_Ectopy,rr_count,50.0
sd1,0.23660826864287762,coefficient_scaled,LogReg,E_HRV_SPC_Poincare_Ectopy,rr_count,50.0
sd2,-0.7054247674107926,coefficient_scaled,LogReg,E_HRV_SPC_Poincare_Ectopy,rr_count,50.0
sd1_sd2_ratio,0.1185465540942994,coefficient_scaled,LogReg,E_HRV_SPC_Poincare_Ectopy,rr_count,50.0
ectopy_like_count,0.2873683460343294,coefficient_scaled,LogReg,E_HRV_SPC_Poincare_Ectopy,rr_count,50.0
ectopy_like_density,-0.011942405277969935,coefficient_scaled,LogReg,E_HRV_SPC_Poincare_Ectopy,rr_count,50.0
short_long_sequence_count,0.39249441614235964,coefficient_scaled,LogReg,E_HRV_SPC_Poincare_Ectopy,rr_count,50.0
compensatory_pause_like_count,0.39249441614235964,coefficient_scaled,LogReg,E_HRV_SPC_Poincare_Ectopy,rr_count,50.0
bigeminy_like_pattern_count,0.27557556985435894,coefficient_scaled,LogReg,E_HRV_SPC_Poincare_Ectopy,rr_count,50.0
trigeminy_like_pattern_count,0.33959298030555385,coefficient_scaled,LogReg,E_HRV_SPC_Poincare_Ectopy,rr_count,50.0
atrial_tachy_like_run_count,-0.3158786508673123,coefficient_scaled,LogReg,E_HRV_SPC_Poincare_Ectopy,rr_count,50.0
mean_rr,-0.03898539466636268,coefficient_scaled,LogReg,A_HRV,rr_count,100.0
median_rr,0.07350470484117166,coefficient_scaled,LogReg,A_HRV,rr_count,100.0
std_rr,0.1059736612125,coefficient_scaled,LogReg,A_HRV,rr_count,100.0
mad_rr,0.3245771350609169,coefficient_scaled,LogReg,A_HRV,rr_count,100.0
rmssd,-0.08425349635146193,coefficient_scaled,LogReg,A_HRV,rr_count,100.0
sdsd,-0.08510635249037636,coefficient_scaled,LogReg,A_HRV,rr_count,100.0
cv_rr,-0.13115490249569392,coefficient_scaled,LogReg,A_HRV,rr_count,100.0
rr_diff_mean,0.233694493199147,coefficient_scaled,LogReg,A_HRV,rr_count,100.0
rr_diff_std,-0.08510635249037633,coefficient_scaled,LogReg,A_HRV,rr_count,100.0
shewhart_out_count,0.9880639666952823,coefficient_scaled,LogReg,B_SPC,rr_count,100.0
shewhart_out_rate,0.5080828115971339,coefficient_scaled,LogReg,B_SPC,rr_count,100.0
shewhart_max_abs_z,-0.26610989691039505,coefficient_scaled,LogReg,B_SPC,rr_count,100.0
shewhart_first_alarm_pos,0.38580359045095297,coefficient_scaled,LogReg,B_SPC,rr_count,100.0
shewhart_first_alarm_time_sec,-0.2030456916432507,coefficient_scaled,LogReg,B_SPC,rr_count,100.0
cusum_pos_max,-0.7976068215294899,coefficient_scaled,LogReg,B_SPC,rr_count,100.0
cusum_neg_max,-0.24978082866560564,coefficient_scaled,LogReg,B_SPC,rr_count,100.0
cusum_abs_max,-0.5967625699365052,coefficient_scaled,LogReg,B_SPC,rr_count,100.0
cusum_last_pos,-0.06612647619461597,coefficient_scaled,LogReg,B_SPC,rr_count,100.0
cusum_last_neg,-0.3653785170340029,coefficient_scaled,LogReg,B_SPC,rr_count,100.0
cusum_alarm_count,0.35017983189866525,coefficient_scaled,LogReg,B_SPC,rr_count,100.0
cusum_first_alarm_pos,0.07207754805623116,coefficient_scaled,LogReg,B_SPC,rr_count,100.0
cusum_first_alarm_time_sec,-0.2569660682655127,coefficient_scaled,LogReg,B_SPC,rr_count,100.0
cusum_time_in_alarm,0.6017226589270048,coefficient_scaled,LogReg,B_SPC,rr_count,100.0
cusum_alarm_density,0.4415229804252575,coefficient_scaled,LogReg,B_SPC,rr_count,100.0
ewma_last,-0.3188788723597477,coefficient_scaled,LogReg,B_SPC,rr_count,100.0
ewma_max_abs,0.19523154529104766,coefficient_scaled,LogReg,B_SPC,rr_count,100.0
ewma_slope,-0.8607654903846336,coefficient_scaled,LogReg,B_SPC,rr_count,100.0
ewma_alarm_count,-0.05595594822708804,coefficient_scaled,LogReg,B_SPC,rr_count,100.0
ewma_first_alarm_time_sec,-0.26839633795887097,coefficient_scaled,LogReg,B_SPC,rr_count,100.0
mr_mean,0.08083551343295625,coefficient_scaled,LogReg,B_SPC,rr_count,100.0
mr_median,0.5366214052971353,coefficient_scaled,LogReg,B_SPC,rr_count,100.0
mr_max,1.2386273576104971,coefficient_scaled,LogReg,B_SPC,rr_count,100.0
mr_mad,0.020749488567489528,coefficient_scaled,LogReg,B_SPC,rr_count,100.0
mr_out_count,0.3965631496661652,coefficient_scaled,LogReg,B_SPC,rr_count,100.0
longest_run_above_median,-0.9077974916946789,coefficient_scaled,LogReg,B_SPC,rr_count,100.0
longest_run_below_median,0.18656480850624096,coefficient_scaled,LogReg,B_SPC,rr_count,100.0
trend_run_up_max,0.1441609415903683,coefficient_scaled,LogReg,B_SPC,rr_count,100.0
trend_run_down_max,-0.2150572379964567,coefficient_scaled,LogReg,B_SPC,rr_count,100.0
n_runs_rule_violations,-0.21046609382426004,coefficient_scaled,LogReg,B_SPC,rr_count,100.0
mean_rr,0.39644763234061414,coefficient_scaled,LogReg,C_HRV_SPC,rr_count,100.0
median_rr,0.5349000848561818,coefficient_scaled,LogReg,C_HRV_SPC,rr_count,100.0
std_rr,-0.1308442287166048,coefficient_scaled,LogReg,C_HRV_SPC,rr_count,100.0
mad_rr,0.7959325015577476,coefficient_scaled,LogReg,C_HRV_SPC,rr_count,100.0
rmssd,-0.24297965463743038,coefficient_scaled,LogReg,C_HRV_SPC,rr_count,100.0
sdsd,-0.2431379654760515,coefficient_scaled,LogReg,C_HRV_SPC,rr_count,100.0
cv_rr,-0.19799737484340676,coefficient_scaled,LogReg,C_HRV_SPC,rr_count,100.0
rr_diff_mean,0.1878387005996218,coefficient_scaled,LogReg,C_HRV_SPC,rr_count,100.0
rr_diff_std,-0.2431379654760515,coefficient_scaled,LogReg,C_HRV_SPC,rr_count,100.0
shewhart_out_count,1.006826940917886,coefficient_scaled,LogReg,C_HRV_SPC,rr_count,100.0
shewhart_out_rate,0.4668150364611749,coefficient_scaled,LogReg,C_HRV_SPC,rr_count,100.0
shewhart_max_abs_z,-0.19341207426940374,coefficient_scaled,LogReg,C_HRV_SPC,rr_count,100.0
shewhart_first_alarm_pos,0.3673822000975694,coefficient_scaled,LogReg,C_HRV_SPC,rr_count,100.0
shewhart_first_alarm_time_sec,-0.19402005792313895,coefficient_scaled,LogReg,C_HRV_SPC,rr_count,100.0
cusum_pos_max,-0.5847459427497688,coefficient_scaled,LogReg,C_HRV_SPC,rr_count,100.0
cusum_neg_max,-0.0329071541090489,coefficient_scaled,LogReg,C_HRV_SPC,rr_count,100.0
cusum_abs_max,-0.3933412083839889,coefficient_scaled,LogReg,C_HRV_SPC,rr_count,100.0
cusum_last_pos,-0.0847585724431973,coefficient_scaled,LogReg,C_HRV_SPC,rr_count,100.0
cusum_last_neg,-0.24551077006050379,coefficient_scaled,LogReg,C_HRV_SPC,rr_count,100.0
cusum_alarm_count,0.6599864062431888,coefficient_scaled,LogReg,C_HRV_SPC,rr_count,100.0
cusum_first_alarm_pos,0.17990644930546013,coefficient_scaled,LogReg,C_HRV_SPC,rr_count,100.0
cusum_first_alarm_time_sec,-0.3810479522268141,coefficient_scaled,LogReg,C_HRV_SPC,rr_count,100.0
cusum_time_in_alarm,0.1492519871686455,coefficient_scaled,LogReg,C_HRV_SPC,rr_count,100.0
cusum_alarm_density,0.3383829753927935,coefficient_scaled,LogReg,C_HRV_SPC,rr_count,100.0
ewma_last,-0.38356170603962797,coefficient_scaled,LogReg,C_HRV_SPC,rr_count,100.0
ewma_max_abs,0.14668176990302076,coefficient_scaled,LogReg,C_HRV_SPC,rr_count,100.0
ewma_slope,-1.0051286347647173,coefficient_scaled,LogReg,C_HRV_SPC,rr_count,100.0
ewma_alarm_count,0.21131302798467028,coefficient_scaled,LogReg,C_HRV_SPC,rr_count,100.0
ewma_first_alarm_time_sec,-0.24482888237819148,coefficient_scaled,LogReg,C_HRV_SPC,rr_count,100.0
mr_mean,0.1878387005996218,coefficient_scaled,LogReg,C_HRV_SPC,rr_count,100.0
mr_median,0.3787603008305645,coefficient_scaled,LogReg,C_HRV_SPC,rr_count,100.0
mr_max,1.2040093955791764,coefficient_scaled,LogReg,C_HRV_SPC,rr_count,100.0
mr_mad,0.13913306005593457,coefficient_scaled,LogReg,C_HRV_SPC,rr_count,100.0
mr_out_count,0.7192791091483693,coefficient_scaled,LogReg,C_HRV_SPC,rr_count,100.0
longest_run_above_median,-0.9738192433906527,coefficient_scaled,LogReg,C_HRV_SPC,rr_count,100.0
longest_run_below_median,0.021248840434020158,coefficient_scaled,LogReg,C_HRV_SPC,rr_count,100.0
trend_run_up_max,0.04953270502553185,coefficient_scaled,LogReg,C_HRV_SPC,rr_count,100.0
trend_run_down_max,-0.2997049590408705,coefficient_scaled,LogReg,C_HRV_SPC,rr_count,100.0
n_runs_rule_violations,-0.024360023207220454,coefficient_scaled,LogReg,C_HRV_SPC,rr_count,100.0
mean_rr,0.4171299719661135,coefficient_scaled,LogReg,D_HRV_SPC_Poincare,rr_count,100.0
median_rr,0.5423693790360448,coefficient_scaled,LogReg,D_HRV_SPC_Poincare,rr_count,100.0
std_rr,-0.07783054452491181,coefficient_scaled,LogReg,D_HRV_SPC_Poincare,rr_count,100.0
mad_rr,0.7918605580448062,coefficient_scaled,LogReg,D_HRV_SPC_Poincare,rr_count,100.0
rmssd,-0.2362250156765562,coefficient_scaled,LogReg,D_HRV_SPC_Poincare,rr_count,100.0
sdsd,-0.23625062545401576,coefficient_scaled,LogReg,D_HRV_SPC_Poincare,rr_count,100.0
cv_rr,-0.18025067578044537,coefficient_scaled,LogReg,D_HRV_SPC_Poincare,rr_count,100.0
rr_diff_mean,0.14270218507978494,coefficient_scaled,LogReg,D_HRV_SPC_Poincare,rr_count,100.0
rr_diff_std,-0.23625062545401576,coefficient_scaled,LogReg,D_HRV_SPC_Poincare,rr_count,100.0
shewhart_out_count,0.9543175629838117,coefficient_scaled,LogReg,D_HRV_SPC_Poincare,rr_count,100.0
shewhart_out_rate,0.4440186202989954,coefficient_scaled,LogReg,D_HRV_SPC_Poincare,rr_count,100.0
shewhart_max_abs_z,-0.1997399726977194,coefficient_scaled,LogReg,D_HRV_SPC_Poincare,rr_count,100.0
shewhart_first_alarm_pos,0.28179597478010154,coefficient_scaled,LogReg,D_HRV_SPC_Poincare,rr_count,100.0
shewhart_first_alarm_time_sec,-0.19140040400284317,coefficient_scaled,LogReg,D_HRV_SPC_Poincare,rr_count,100.0
cusum_pos_max,-0.575430271976557,coefficient_scaled,LogReg,D_HRV_SPC_Poincare,rr_count,100.0
cusum_neg_max,-0.018941361688321622,coefficient_scaled,LogReg,D_HRV_SPC_Poincare,rr_count,100.0
cusum_abs_max,-0.36414094194620056,coefficient_scaled,LogReg,D_HRV_SPC_Poincare,rr_count,100.0
cusum_last_pos,-0.06411792465196645,coefficient_scaled,LogReg,D_HRV_SPC_Poincare,rr_count,100.0
cusum_last_neg,-0.24264141554693275,coefficient_scaled,LogReg,D_HRV_SPC_Poincare,rr_count,100.0
cusum_alarm_count,0.6500574677537415,coefficient_scaled,LogReg,D_HRV_SPC_Poincare,rr_count,100.0
cusum_first_alarm_pos,0.16587307321580844,coefficient_scaled,LogReg,D_HRV_SPC_Poincare,rr_count,100.0
cusum_first_alarm_time_sec,-0.38367744657773656,coefficient_scaled,LogReg,D_HRV_SPC_Poincare,rr_count,100.0
cusum_time_in_alarm,0.19153091723460258,coefficient_scaled,LogReg,D_HRV_SPC_Poincare,rr_count,100.0
cusum_alarm_density,0.3639652325592532,coefficient_scaled,LogReg,D_HRV_SPC_Poincare,rr_count,100.0
ewma_last,-0.3828965359659288,coefficient_scaled,LogReg,D_HRV_SPC_Poincare,rr_count,100.0
ewma_max_abs,0.11139500578707688,coefficient_scaled,LogReg,D_HRV_SPC_Poincare,rr_count,100.0
ewma_slope,-1.0473473684518393,coefficient_scaled,LogReg,D_HRV_SPC_Poincare,rr_count,100.0
ewma_alarm_count,0.21914745008507588,coefficient_scaled,LogReg,D_HRV_SPC_Poincare,rr_count,100.0
ewma_first_alarm_time_sec,-0.3037384245609464,coefficient_scaled,LogReg,D_HRV_SPC_Poincare,rr_count,100.0
mr_mean,0.14270218507978494,coefficient_scaled,LogReg,D_HRV_SPC_Poincare,rr_count,100.0
mr_median,0.33831366415450254,coefficient_scaled,LogReg,D_HRV_SPC_Poincare,rr_count,100.0
mr_max,1.2168785636088133,coefficient_scaled,LogReg,D_HRV_SPC_Poincare,rr_count,100.0
mr_mad,0.13064924510257767,coefficient_scaled,LogReg,D_HRV_SPC_Poincare,rr_count,100.0
mr_out_count,0.6580897128152949,coefficient_scaled,LogReg,D_HRV_SPC_Poincare,rr_count,100.0
longest_run_above_median,-0.954680053745209,coefficient_scaled,LogReg,D_HRV_SPC_Poincare,rr_count,100.0
longest_run_below_median,0.09941349407184413,coefficient_scaled,LogReg,D_HRV_SPC_Poincare,rr_count,100.0
trend_run_up_max,0.12425036302834869,coefficient_scaled,LogReg,D_HRV_SPC_Poincare,rr_count,100.0
trend_run_down_max,-0.30682536550994327,coefficient_scaled,LogReg,D_HRV_SPC_Poincare,rr_count,100.0
n_runs_rule_violations,0.046992345815178256,coefficient_scaled,LogReg,D_HRV_SPC_Poincare,rr_count,100.0
sd1,-0.23622501567655593,coefficient_scaled,LogReg,D_HRV_SPC_Poincare,rr_count,100.0
sd2,0.061916268529639835,coefficient_scaled,LogReg,D_HRV_SPC_Poincare,rr_count,100.0
sd1_sd2_ratio,0.46966220634072453,coefficient_scaled,LogReg,D_HRV_SPC_Poincare,rr_count,100.0
mean_rr,0.5291877579841522,coefficient_scaled,LogReg,E_HRV_SPC_Poincare_Ectopy,rr_count,100.0
median_rr,0.6506264639773367,coefficient_scaled,LogReg,E_HRV_SPC_Poincare_Ectopy,rr_count,100.0
std_rr,-0.15235813265352338,coefficient_scaled,LogReg,E_HRV_SPC_Poincare_Ectopy,rr_count,100.0
mad_rr,0.4576369949790934,coefficient_scaled,LogReg,E_HRV_SPC_Poincare_Ectopy,rr_count,100.0
rmssd,-0.35018054340913674,coefficient_scaled,LogReg,E_HRV_SPC_Poincare_Ectopy,rr_count,100.0
sdsd,-0.3502162573662053,coefficient_scaled,LogReg,E_HRV_SPC_Poincare_Ectopy,rr_count,100.0
cv_rr,-0.3584477731820021,coefficient_scaled,LogReg,E_HRV_SPC_Poincare_Ectopy,rr_count,100.0
rr_diff_mean,0.04428681707800082,coefficient_scaled,LogReg,E_HRV_SPC_Poincare_Ectopy,rr_count,100.0
rr_diff_std,-0.3502162573662053,coefficient_scaled,LogReg,E_HRV_SPC_Poincare_Ectopy,rr_count,100.0
shewhart_out_count,0.8259553196082645,coefficient_scaled,LogReg,E_HRV_SPC_Poincare_Ectopy,rr_count,100.0
shewhart_out_rate,0.4786853416947913,coefficient_scaled,LogReg,E_HRV_SPC_Poincare_Ectopy,rr_count,100.0
shewhart_max_abs_z,-0.15993934851598596,coefficient_scaled,LogReg,E_HRV_SPC_Poincare_Ectopy,rr_count,100.0
shewhart_first_alarm_pos,0.30985697701310516,coefficient_scaled,LogReg,E_HRV_SPC_Poincare_Ectopy,rr_count,100.0
shewhart_first_alarm_time_sec,-0.1666675003412931,coefficient_scaled,LogReg,E_HRV_SPC_Poincare_Ectopy,rr_count,100.0
cusum_pos_max,-0.5656309259380915,coefficient_scaled,LogReg,E_HRV_SPC_Poincare_Ectopy,rr_count,100.0
cusum_neg_max,0.03521529567995898,coefficient_scaled,LogReg,E_HRV_SPC_Poincare_Ectopy,rr_count,100.0
cusum_abs_max,-0.3048531434051401,coefficient_scaled,LogReg,E_HRV_SPC_Poincare_Ectopy,rr_count,100.0
cusum_last_pos,0.004260715818750401,coefficient_scaled,LogReg,E_HRV_SPC_Poincare_Ectopy,rr_count,100.0
cusum_last_neg,-0.18983035578565288,coefficient_scaled,LogReg,E_HRV_SPC_Poincare_Ectopy,rr_count,100.0
cusum_alarm_count,0.6490869947934524,coefficient_scaled,LogReg,E_HRV_SPC_Poincare_Ectopy,rr_count,100.0
cusum_first_alarm_pos,0.28603088443356056,coefficient_scaled,LogReg,E_HRV_SPC_Poincare_Ectopy,rr_count,100.0
cusum_first_alarm_time_sec,-0.28681677012720014,coefficient_scaled,LogReg,E_HRV_SPC_Poincare_Ectopy,rr_count,100.0
cusum_time_in_alarm,0.1355401011462858,coefficient_scaled,LogReg,E_HRV_SPC_Poincare_Ectopy,rr_count,100.0
cusum_alarm_density,0.26364275931239906,coefficient_scaled,LogReg,E_HRV_SPC_Poincare_Ectopy,rr_count,100.0
ewma_last,-0.3443614078716018,coefficient_scaled,LogReg,E_HRV_SPC_Poincare_Ectopy,rr_count,100.0
ewma_max_abs,0.06719049577383623,coefficient_scaled,LogReg,E_HRV_SPC_Poincare_Ectopy,rr_count,100.0
ewma_slope,-1.0122703874550183,coefficient_scaled,LogReg,E_HRV_SPC_Poincare_Ectopy,rr_count,100.0
ewma_alarm_count,0.2898270060071389,coefficient_scaled,LogReg,E_HRV_SPC_Poincare_Ectopy,rr_count,100.0
ewma_first_alarm_time_sec,-0.24188965866167553,coefficient_scaled,LogReg,E_HRV_SPC_Poincare_Ectopy,rr_count,100.0
mr_mean,0.04428681707800082,coefficient_scaled,LogReg,E_HRV_SPC_Poincare_Ectopy,rr_count,100.0
mr_median,0.33180662954056944,coefficient_scaled,LogReg,E_HRV_SPC_Poincare_Ectopy,rr_count,100.0
mr_max,1.2290687395745137,coefficient_scaled,LogReg,E_HRV_SPC_Poincare_Ectopy,rr_count,100.0
mr_mad,0.3149294100583242,coefficient_scaled,LogReg,E_HRV_SPC_Poincare_Ectopy,rr_count,100.0
mr_out_count,0.7223799503782097,coefficient_scaled,LogReg,E_HRV_SPC_Poincare_Ectopy,rr_count,100.0
longest_run_above_median,-0.9174249129830403,coefficient_scaled,LogReg,E_HRV_SPC_Poincare_Ectopy,rr_count,100.0
longest_run_below_median,0.1292984467279015,coefficient_scaled,LogReg,E_HRV_SPC_Poincare_Ectopy,rr_count,100.0
trend_run_up_max,0.09778725477408828,coefficient_scaled,LogReg,E_HRV_SPC_Poincare_Ectopy,rr_count,100.0
trend_run_down_max,-0.30256898254992204,coefficient_scaled,LogReg,E_HRV_SPC_Poincare_Ectopy,rr_count,100.0
n_runs_rule_violations,0.05488388854214904,coefficient_scaled,LogReg,E_HRV_SPC_Poincare_Ectopy,rr_count,100.0
sd1,-0.3501805434091364,coefficient_scaled,LogReg,E_HRV_SPC_Poincare_Ectopy,rr_count,100.0
sd2,-0.056652108601074495,coefficient_scaled,LogReg,E_HRV_SPC_Poincare_Ectopy,rr_count,100.0
sd1_sd2_ratio,0.28257709206572984,coefficient_scaled,LogReg,E_HRV_SPC_Poincare_Ectopy,rr_count,100.0
ectopy_like_count,0.23057023443675506,coefficient_scaled,LogReg,E_HRV_SPC_Poincare_Ectopy,rr_count,100.0
ectopy_like_density,0.22266537466648725,coefficient_scaled,LogReg,E_HRV_SPC_Poincare_Ectopy,rr_count,100.0
short_long_sequence_count,0.3466083174292279,coefficient_scaled,LogReg,E_HRV_SPC_Poincare_Ectopy,rr_count,100.0
compensatory_pause_like_count,0.3466083174292279,coefficient_scaled,LogReg,E_HRV_SPC_Poincare_Ectopy,rr_count,100.0
bigeminy_like_pattern_count,0.3218358787574554,coefficient_scaled,LogReg,E_HRV_SPC_Poincare_Ectopy,rr_count,100.0
trigeminy_like_pattern_count,0.5440508986468634,coefficient_scaled,LogReg,E_HRV_SPC_Poincare_Ectopy,rr_count,100.0
atrial_tachy_like_run_count,0.008501128818999679,coefficient_scaled,LogReg,E_HRV_SPC_Poincare_Ectopy,rr_count,100.0
mean_rr,-0.07190229845184219,coefficient_scaled,LogReg,A_HRV,rr_count,128.0
median_rr,0.0759493329211034,coefficient_scaled,LogReg,A_HRV,rr_count,128.0
std_rr,-0.088653359360082,coefficient_scaled,LogReg,A_HRV,rr_count,128.0
mad_rr,0.18434326244075808,coefficient_scaled,LogReg,A_HRV,rr_count,128.0
rmssd,0.025386705828192094,coefficient_scaled,LogReg,A_HRV,rr_count,128.0
sdsd,0.025361020217832427,coefficient_scaled,LogReg,A_HRV,rr_count,128.0
cv_rr,-0.3355505461919494,coefficient_scaled,LogReg,A_HRV,rr_count,128.0
rr_diff_mean,0.34314836560344514,coefficient_scaled,LogReg,A_HRV,rr_count,128.0
rr_diff_std,0.025361020217831962,coefficient_scaled,LogReg,A_HRV,rr_count,128.0
shewhart_out_count,1.0875128406488088,coefficient_scaled,LogReg,B_SPC,rr_count,128.0
shewhart_out_rate,0.24724146899732397,coefficient_scaled,LogReg,B_SPC,rr_count,128.0
shewhart_max_abs_z,-0.2891264633940772,coefficient_scaled,LogReg,B_SPC,rr_count,128.0
shewhart_first_alarm_pos,0.12117908258639887,coefficient_scaled,LogReg,B_SPC,rr_count,128.0
shewhart_first_alarm_time_sec,-1.1007467795603905,coefficient_scaled,LogReg,B_SPC,rr_count,128.0
cusum_pos_max,-1.1369553910231702,coefficient_scaled,LogReg,B_SPC,rr_count,128.0
cusum_neg_max,-0.05661891927505397,coefficient_scaled,LogReg,B_SPC,rr_count,128.0
cusum_abs_max,-0.49045439318194944,coefficient_scaled,LogReg,B_SPC,rr_count,128.0
cusum_last_pos,-0.00991439979730675,coefficient_scaled,LogReg,B_SPC,rr_count,128.0
cusum_last_neg,-0.39118362608683865,coefficient_scaled,LogReg,B_SPC,rr_count,128.0
cusum_alarm_count,0.2721583606387571,coefficient_scaled,LogReg,B_SPC,rr_count,128.0
cusum_first_alarm_pos,0.20143409232926263,coefficient_scaled,LogReg,B_SPC,rr_count,128.0
cusum_first_alarm_time_sec,0.4873836291445162,coefficient_scaled,LogReg,B_SPC,rr_count,128.0
cusum_time_in_alarm,0.35515555512311986,coefficient_scaled,LogReg,B_SPC,rr_count,128.0
cusum_alarm_density,0.4520427528550143,coefficient_scaled,LogReg,B_SPC,rr_count,128.0
ewma_last,0.01444921034691787,coefficient_scaled,LogReg,B_SPC,rr_count,128.0
ewma_max_abs,0.3968450849705882,coefficient_scaled,LogReg,B_SPC,rr_count,128.0
ewma_slope,-0.12555152812954182,coefficient_scaled,LogReg,B_SPC,rr_count,128.0
ewma_alarm_count,0.08154072157678974,coefficient_scaled,LogReg,B_SPC,rr_count,128.0
ewma_first_alarm_time_sec,0.204609040235243,coefficient_scaled,LogReg,B_SPC,rr_count,128.0
mr_mean,-0.19234523655348623,coefficient_scaled,LogReg,B_SPC,rr_count,128.0
mr_median,0.6725377328777198,coefficient_scaled,LogReg,B_SPC,rr_count,128.0
mr_max,0.9227587421695482,coefficient_scaled,LogReg,B_SPC,rr_count,128.0
mr_mad,0.13541949228259656,coefficient_scaled,LogReg,B_SPC,rr_count,128.0
mr_out_count,0.26523413326650935,coefficient_scaled,LogReg,B_SPC,rr_count,128.0
longest_run_above_median,-0.2522062854032302,coefficient_scaled,LogReg,B_SPC,rr_count,128.0
longest_run_below_median,0.12649636052117796,coefficient_scaled,LogReg,B_SPC,rr_count,128.0
trend_run_up_max,0.0864407884797699,coefficient_scaled,LogReg,B_SPC,rr_count,128.0
trend_run_down_max,0.05017609147108798,coefficient_scaled,LogReg,B_SPC,rr_count,128.0
n_runs_rule_violations,-0.27325911216419035,coefficient_scaled,LogReg,B_SPC,rr_count,128.0
mean_rr,0.057671576663249,coefficient_scaled,LogReg,C_HRV_SPC,rr_count,128.0
median_rr,0.14645567236721246,coefficient_scaled,LogReg,C_HRV_SPC,rr_count,128.0
std_rr,-0.498594986531293,coefficient_scaled,LogReg,C_HRV_SPC,rr_count,128.0
mad_rr,0.4877303040046145,coefficient_scaled,LogReg,C_HRV_SPC,rr_count,128.0
rmssd,-0.16228377021335577,coefficient_scaled,LogReg,C_HRV_SPC,rr_count,128.0
sdsd,-0.16237620257377175,coefficient_scaled,LogReg,C_HRV_SPC,rr_count,128.0
cv_rr,-0.6187938671841111,coefficient_scaled,LogReg,C_HRV_SPC,rr_count,128.0
rr_diff_mean,0.29109118591831573,coefficient_scaled,LogReg,C_HRV_SPC,rr_count,128.0
rr_diff_std,-0.16237620257377175,coefficient_scaled,LogReg,C_HRV_SPC,rr_count,128.0
shewhart_out_count,1.077501557611315,coefficient_scaled,LogReg,C_HRV_SPC,rr_count,128.0
shewhart_out_rate,0.25774206315292647,coefficient_scaled,LogReg,C_HRV_SPC,rr_count,128.0
shewhart_max_abs_z,-0.25424166038906726,coefficient_scaled,LogReg,C_HRV_SPC,rr_count,128.0
shewhart_first_alarm_pos,0.24868849566109477,coefficient_scaled,LogReg,C_HRV_SPC,rr_count,128.0
shewhart_first_alarm_time_sec,-1.0371402534818621,coefficient_scaled,LogReg,C_HRV_SPC,rr_count,128.0
cusum_pos_max,-1.1419982464710134,coefficient_scaled,LogReg,C_HRV_SPC,rr_count,128.0
cusum_neg_max,0.4157216175926013,coefficient_scaled,LogReg,C_HRV_SPC,rr_count,128.0
cusum_abs_max,-0.20157967443586836,coefficient_scaled,LogReg,C_HRV_SPC,rr_count,128.0
cusum_last_pos,-0.038461220703844466,coefficient_scaled,LogReg,C_HRV_SPC,rr_count,128.0
cusum_last_neg,-0.43022598774471627,coefficient_scaled,LogReg,C_HRV_SPC,rr_count,128.0
cusum_alarm_count,0.30684709531772114,coefficient_scaled,LogReg,C_HRV_SPC,rr_count,128.0
cusum_first_alarm_pos,0.2097910329426858,coefficient_scaled,LogReg,C_HRV_SPC,rr_count,128.0
cusum_first_alarm_time_sec,0.5560365803500655,coefficient_scaled,LogReg,C_HRV_SPC,rr_count,128.0
cusum_time_in_alarm,0.3121539331150027,coefficient_scaled,LogReg,C_HRV_SPC,rr_count,128.0
cusum_alarm_density,0.45175078263242324,coefficient_scaled,LogReg,C_HRV_SPC,rr_count,128.0
ewma_last,-0.003983315219628474,coefficient_scaled,LogReg,C_HRV_SPC,rr_count,128.0
ewma_max_abs,0.3242641293476003,coefficient_scaled,LogReg,C_HRV_SPC,rr_count,128.0
ewma_slope,0.015685741901917374,coefficient_scaled,LogReg,C_HRV_SPC,rr_count,128.0
ewma_alarm_count,0.06745153084762995,coefficient_scaled,LogReg,C_HRV_SPC,rr_count,128.0
ewma_first_alarm_time_sec,0.2128227403517492,coefficient_scaled,LogReg,C_HRV_SPC,rr_count,128.0
mr_mean,0.29109118591831573,coefficient_scaled,LogReg,C_HRV_SPC,rr_count,128.0
mr_median,0.464684832716007,coefficient_scaled,LogReg,C_HRV_SPC,rr_count,128.0
mr_max,0.9795138531110399,coefficient_scaled,LogReg,C_HRV_SPC,rr_count,128.0
mr_mad,0.17789122774340446,coefficient_scaled,LogReg,C_HRV_SPC,rr_count,128.0
mr_out_count,0.6440310488418894,coefficient_scaled,LogReg,C_HRV_SPC,rr_count,128.0
longest_run_above_median,-0.3145844570412669,coefficient_scaled,LogReg,C_HRV_SPC,rr_count,128.0
longest_run_below_median,0.0963580400307714,coefficient_scaled,LogReg,C_HRV_SPC,rr_count,128.0
trend_run_up_max,0.02599466614926918,coefficient_scaled,LogReg,C_HRV_SPC,rr_count,128.0
trend_run_down_max,0.11936687053564049,coefficient_scaled,LogReg,C_HRV_SPC,rr_count,128.0
n_runs_rule_violations,-0.27817683993028397,coefficient_scaled,LogReg,C_HRV_SPC,rr_count,128.0
mean_rr,0.08821744358905786,coefficient_scaled,LogReg,D_HRV_SPC_Poincare,rr_count,128.0
median_rr,0.17403343570507718,coefficient_scaled,LogReg,D_HRV_SPC_Poincare,rr_count,128.0
std_rr,-0.37188145074216833,coefficient_scaled,LogReg,D_HRV_SPC_Poincare,rr_count,128.0
mad_rr,0.5273679552254881,coefficient_scaled,LogReg,D_HRV_SPC_Poincare,rr_count,128.0
rmssd,-0.08120358563448296,coefficient_scaled,LogReg,D_HRV_SPC_Poincare,rr_count,128.0
sdsd,-0.08128993793040587,coefficient_scaled,LogReg,D_HRV_SPC_Poincare,rr_count,128.0
cv_rr,-0.5029518343362028,coefficient_scaled,LogReg,D_HRV_SPC_Poincare,rr_count,128.0
rr_diff_mean,0.2954300237953602,coefficient_scaled,LogReg,D_HRV_SPC_Poincare,rr_count,128.0
rr_diff_std,-0.08128993793040587,coefficient_scaled,LogReg,D_HRV_SPC_Poincare,rr_count,128.0
shewhart_out_count,1.0854320354662834,coefficient_scaled,LogReg,D_HRV_SPC_Poincare,rr_count,128.0
shewhart_out_rate,0.2585462613584471,coefficient_scaled,LogReg,D_HRV_SPC_Poincare,rr_count,128.0
shewhart_max_abs_z,-0.24408205544080155,coefficient_scaled,LogReg,D_HRV_SPC_Poincare,rr_count,128.0
shewhart_first_alarm_pos,0.2633779874830585,coefficient_scaled,LogReg,D_HRV_SPC_Poincare,rr_count,128.0
shewhart_first_alarm_time_sec,-1.0462741459598421,coefficient_scaled,LogReg,D_HRV_SPC_Poincare,rr_count,128.0
cusum_pos_max,-1.1496442571403915,coefficient_scaled,LogReg,D_HRV_SPC_Poincare,rr_count,128.0
cusum_neg_max,0.49945540621858525,coefficient_scaled,LogReg,D_HRV_SPC_Poincare,rr_count,128.0
cusum_abs_max,-0.14916619059382366,coefficient_scaled,LogReg,D_HRV_SPC_Poincare,rr_count,128.0
cusum_last_pos,-0.053761334872595934,coefficient_scaled,LogReg,D_HRV_SPC_Poincare,rr_count,128.0
cusum_last_neg,-0.43104064196642117,coefficient_scaled,LogReg,D_HRV_SPC_Poincare,rr_count,128.0
cusum_alarm_count,0.30817103475078533,coefficient_scaled,LogReg,D_HRV_SPC_Poincare,rr_count,128.0
cusum_first_alarm_pos,0.22956833231205112,coefficient_scaled,LogReg,D_HRV_SPC_Poincare,rr_count,128.0
cusum_first_alarm_time_sec,0.5407702890059389,coefficient_scaled,LogReg,D_HRV_SPC_Poincare,rr_count,128.0
cusum_time_in_alarm,0.30960964764457666,coefficient_scaled,LogReg,D_HRV_SPC_Poincare,rr_count,128.0
cusum_alarm_density,0.4486965635273359,coefficient_scaled,LogReg,D_HRV_SPC_Poincare,rr_count,128.0
ewma_last,0.007039940518735443,coefficient_scaled,LogReg,D_HRV_SPC_Poincare,rr_count,128.0
ewma_max_abs,0.3129697876441489,coefficient_scaled,LogReg,D_HRV_SPC_Poincare,rr_count,128.0
ewma_slope,0.02914721884839741,coefficient_scaled,LogReg,D_HRV_SPC_Poincare,rr_count,128.0
ewma_alarm_count,0.06973417287049292,coefficient_scaled,LogReg,D_HRV_SPC_Poincare,rr_count,128.0
ewma_first_alarm_time_sec,0.1911738022016306,coefficient_scaled,LogReg,D_HRV_SPC_Poincare,rr_count,128.0
mr_mean,0.2954300237953602,coefficient_scaled,LogReg,D_HRV_SPC_Poincare,rr_count,128.0
mr_median,0.4514765125741241,coefficient_scaled,LogReg,D_HRV_SPC_Poincare,rr_count,128.0
mr_max,0.9751439262550916,coefficient_scaled,LogReg,D_HRV_SPC_Poincare,rr_count,128.0
mr_mad,0.17117047446866865,coefficient_scaled,LogReg,D_HRV_SPC_Poincare,rr_count,128.0
mr_out_count,0.6895391749432662,coefficient_scaled,LogReg,D_HRV_SPC_Poincare,rr_count,128.0
longest_run_above_median,-0.31421400695025425,coefficient_scaled,LogReg,D_HRV_SPC_Poincare,rr_count,128.0
longest_run_below_median,0.09052972607689712,coefficient_scaled,LogReg,D_HRV_SPC_Poincare,rr_count,128.0
trend_run_up_max,0.03962454683518874,coefficient_scaled,LogReg,D_HRV_SPC_Poincare,rr_count,128.0
trend_run_down_max,0.13354867002044035,coefficient_scaled,LogReg,D_HRV_SPC_Poincare,rr_count,128.0
n_runs_rule_violations,-0.28921020025049754,coefficient_scaled,LogReg,D_HRV_SPC_Poincare,rr_count,128.0
sd1,-0.08120358563448286,coefficient_scaled,LogReg,D_HRV_SPC_Poincare,rr_count,128.0
sd2,-0.5042077181287606,coefficient_scaled,LogReg,D_HRV_SPC_Poincare,rr_count,128.0
sd1_sd2_ratio,-0.04836046516642411,coefficient_scaled,LogReg,D_HRV_SPC_Poincare,rr_count,128.0
mean_rr,0.2548944408277178,coefficient_scaled,LogReg,E_HRV_SPC_Poincare_Ectopy,rr_count,128.0
median_rr,0.3620039364522058,coefficient_scaled,LogReg,E_HRV_SPC_Poincare_Ectopy,rr_count,128.0
std_rr,-0.43517903157838406,coefficient_scaled,LogReg,E_HRV_SPC_Poincare_Ectopy,rr_count,128.0
mad_rr,0.1962244596101388,coefficient_scaled,LogReg,E_HRV_SPC_Poincare_Ectopy,rr_count,128.0
rmssd,-0.2699224777291774,coefficient_scaled,LogReg,E_HRV_SPC_Poincare_Ectopy,rr_count,128.0
sdsd,-0.2699302174108338,coefficient_scaled,LogReg,E_HRV_SPC_Poincare_Ectopy,rr_count,128.0
cv_rr,-0.674003410156468,coefficient_scaled,LogReg,E_HRV_SPC_Poincare_Ectopy,rr_count,128.0
rr_diff_mean,0.2456165630268139,coefficient_scaled,LogReg,E_HRV_SPC_Poincare_Ectopy,rr_count,128.0
rr_diff_std,-0.2699302174108338,coefficient_scaled,LogReg,E_HRV_SPC_Poincare_Ectopy,rr_count,128.0
shewhart_out_count,0.8855982396127005,coefficient_scaled,LogReg,E_HRV_SPC_Poincare_Ectopy,rr_count,128.0
shewhart_out_rate,0.29818573067514403,coefficient_scaled,LogReg,E_HRV_SPC_Poincare_Ectopy,rr_count,128.0
shewhart_max_abs_z,-0.1448921006393142,coefficient_scaled,LogReg,E_HRV_SPC_Poincare_Ectopy,rr_count,128.0
shewhart_first_alarm_pos,0.34972641788927666,coefficient_scaled,LogReg,E_HRV_SPC_Poincare_Ectopy,rr_count,128.0
shewhart_first_alarm_time_sec,-0.8512177381251222,coefficient_scaled,LogReg,E_HRV_SPC_Poincare_Ectopy,rr_count,128.0
cusum_pos_max,-1.0218785628594447,coefficient_scaled,LogReg,E_HRV_SPC_Poincare_Ectopy,rr_count,128.0
cusum_neg_max,0.42966583384749474,coefficient_scaled,LogReg,E_HRV_SPC_Poincare_Ectopy,rr_count,128.0
cusum_abs_max,-0.11372787557848091,coefficient_scaled,LogReg,E_HRV_SPC_Poincare_Ectopy,rr_count,128.0
cusum_last_pos,0.06285682201786691,coefficient_scaled,LogReg,E_HRV_SPC_Poincare_Ectopy,rr_count,128.0
cusum_last_neg,-0.19796399946692483,coefficient_scaled,LogReg,E_HRV_SPC_Poincare_Ectopy,rr_count,128.0
cusum_alarm_count,0.29045239301496995,coefficient_scaled,LogReg,E_HRV_SPC_Poincare_Ectopy,rr_count,128.0
cusum_first_alarm_pos,0.4643146936417367,coefficient_scaled,LogReg,E_HRV_SPC_Poincare_Ectopy,rr_count,128.0
cusum_first_alarm_time_sec,0.5596844393892849,coefficient_scaled,LogReg,E_HRV_SPC_Poincare_Ectopy,rr_count,128.0
cusum_time_in_alarm,0.23473481419664063,coefficient_scaled,LogReg,E_HRV_SPC_Poincare_Ectopy,rr_count,128.0
cusum_alarm_density,0.31470293040699643,coefficient_scaled,LogReg,E_HRV_SPC_Poincare_Ectopy,rr_count,128.0
ewma_last,0.034296396744909,coefficient_scaled,LogReg,E_HRV_SPC_Poincare_Ectopy,rr_count,128.0
ewma_max_abs,0.2525876982993849,coefficient_scaled,LogReg,E_HRV_SPC_Poincare_Ectopy,rr_count,128.0
ewma_slope,0.29013471720715756,coefficient_scaled,LogReg,E_HRV_SPC_Poincare_Ectopy,rr_count,128.0
ewma_alarm_count,0.1521988926395793,coefficient_scaled,LogReg,E_HRV_SPC_Poincare_Ectopy,rr_count,128.0
ewma_first_alarm_time_sec,0.2012899595821068,coefficient_scaled,LogReg,E_HRV_SPC_Poincare_Ectopy,rr_count,128.0
mr_mean,0.2456165630268139,coefficient_scaled,LogReg,E_HRV_SPC_Poincare_Ectopy,rr_count,128.0
mr_median,0.3852198777482643,coefficient_scaled,LogReg,E_HRV_SPC_Poincare_Ectopy,rr_count,128.0
mr_max,0.9269899203370862,coefficient_scaled,LogReg,E_HRV_SPC_Poincare_Ectopy,rr_count,128.0
mr_mad,0.5169687284137064,coefficient_scaled,LogReg,E_HRV_SPC_Poincare_Ectopy,rr_count,128.0
mr_out_count,0.7818016700839387,coefficient_scaled,LogReg,E_HRV_SPC_Poincare_Ectopy,rr_count,128.0
longest_run_above_median,-0.19473289170254776,coefficient_scaled,LogReg,E_HRV_SPC_Poincare_Ectopy,rr_count,128.0
longest_run_below_median,0.00444230451274256,coefficient_scaled,LogReg,E_HRV_SPC_Poincare_Ectopy,rr_count,128.0
trend_run_up_max,0.10105586035408562,coefficient_scaled,LogReg,E_HRV_SPC_Poincare_Ectopy,rr_count,128.0
trend_run_down_max,0.15114124463873496,coefficient_scaled,LogReg,E_HRV_SPC_Poincare_Ectopy,rr_count,128.0
n_runs_rule_violations,-0.2775053943106845,coefficient_scaled,LogReg,E_HRV_SPC_Poincare_Ectopy,rr_count,128.0
sd1,-0.26992247772917743,coefficient_scaled,LogReg,E_HRV_SPC_Poincare_Ectopy,rr_count,128.0
sd2,-0.6056777227325354,coefficient_scaled,LogReg,E_HRV_SPC_Poincare_Ectopy,rr_count,128.0
sd1_sd2_ratio,-0.10200329540634648,coefficient_scaled,LogReg,E_HRV_SPC_Poincare_Ectopy,rr_count,128.0
ectopy_like_count,0.3201655835506644,coefficient_scaled,LogReg,E_HRV_SPC_Poincare_Ectopy,rr_count,128.0
ectopy_like_density,0.10370086823781695,coefficient_scaled,LogReg,E_HRV_SPC_Poincare_Ectopy,rr_count,128.0
short_long_sequence_count,0.41903671493363825,coefficient_scaled,LogReg,E_HRV_SPC_Poincare_Ectopy,rr_count,128.0
compensatory_pause_like_count,0.41903671493363825,coefficient_scaled,LogReg,E_HRV_SPC_Poincare_Ectopy,rr_count,128.0
bigeminy_like_pattern_count,0.415496135450303,coefficient_scaled,LogReg,E_HRV_SPC_Poincare_Ectopy,rr_count,128.0
trigeminy_like_pattern_count,0.48250988645157666,coefficient_scaled,LogReg,E_HRV_SPC_Poincare_Ectopy,rr_count,128.0
atrial_tachy_like_run_count,-0.036724606936269145,coefficient_scaled,LogReg,E_HRV_SPC_Poincare_Ectopy,rr_count,128.0
mean_rr,0.03508380182174022,coefficient_scaled,LogReg,A_HRV,rr_count,200.0
median_rr,-0.018132696516551534,coefficient_scaled,LogReg,A_HRV,rr_count,200.0
std_rr,-0.14980584777188383,coefficient_scaled,LogReg,A_HRV,rr_count,200.0
mad_rr,0.1471292664586511,coefficient_scaled,LogReg,A_HRV,rr_count,200.0
rmssd,0.02548160098077465,coefficient_scaled,LogReg,A_HRV,rr_count,200.0
sdsd,0.025361772389137914,coefficient_scaled,LogReg,A_HRV,rr_count,200.0
cv_rr,-0.28757880236254535,coefficient_scaled,LogReg,A_HRV,rr_count,200.0
rr_diff_mean,0.4278903273675693,coefficient_scaled,LogReg,A_HRV,rr_count,200.0
rr_diff_std,0.025361772389137897,coefficient_scaled,LogReg,A_HRV,rr_count,200.0
shewhart_out_count,1.1772401399208992,coefficient_scaled,LogReg,B_SPC,rr_count,200.0
shewhart_out_rate,0.4479797246978486,coefficient_scaled,LogReg,B_SPC,rr_count,200.0
shewhart_max_abs_z,-0.4663467959650151,coefficient_scaled,LogReg,B_SPC,rr_count,200.0
shewhart_first_alarm_pos,0.0010643611894825143,coefficient_scaled,LogReg,B_SPC,rr_count,200.0
shewhart_first_alarm_time_sec,-0.5161333526678629,coefficient_scaled,LogReg,B_SPC,rr_count,200.0
cusum_pos_max,-0.9568369550139083,coefficient_scaled,LogReg,B_SPC,rr_count,200.0
cusum_neg_max,-0.6561548313758698,coefficient_scaled,LogReg,B_SPC,rr_count,200.0
cusum_abs_max,-0.8264307968095005,coefficient_scaled,LogReg,B_SPC,rr_count,200.0
cusum_last_pos,0.13295151950190534,coefficient_scaled,LogReg,B_SPC,rr_count,200.0
cusum_last_neg,-0.3054381959673417,coefficient_scaled,LogReg,B_SPC,rr_count,200.0
cusum_alarm_count,0.4763392984725006,coefficient_scaled,LogReg,B_SPC,rr_count,200.0
cusum_first_alarm_pos,-0.11382455813022758,coefficient_scaled,LogReg,B_SPC,rr_count,200.0
cusum_first_alarm_time_sec,0.005737035416986528,coefficient_scaled,LogReg,B_SPC,rr_count,200.0
cusum_time_in_alarm,0.47811552896200754,coefficient_scaled,LogReg,B_SPC,rr_count,200.0
cusum_alarm_density,0.3533452399251393,coefficient_scaled,LogReg,B_SPC,rr_count,200.0
ewma_last,-0.603178735566894,coefficient_scaled,LogReg,B_SPC,rr_count,200.0
ewma_max_abs,0.3169698274131408,coefficient_scaled,LogReg,B_SPC,rr_count,200.0
ewma_slope,-0.6012107621318695,coefficient_scaled,LogReg,B_SPC,rr_count,200.0
ewma_alarm_count,-0.049631824591288905,coefficient_scaled,LogReg,B_SPC,rr_count,200.0
ewma_first_alarm_time_sec,-0.1344691470634461,coefficient_scaled,LogReg,B_SPC,rr_count,200.0
mr_mean,0.199175569914,coefficient_scaled,LogReg,B_SPC,rr_count,200.0
mr_median,0.5508489260877383,coefficient_scaled,LogReg,B_SPC,rr_count,200.0
mr_max,0.8962817299154758,coefficient_scaled,LogReg,B_SPC,rr_count,200.0
mr_mad,0.05670681059647701,coefficient_scaled,LogReg,B_SPC,rr_count,200.0
mr_out_count,0.46421250106419315,coefficient_scaled,LogReg,B_SPC,rr_count,200.0
longest_run_above_median,0.18328732135437206,coefficient_scaled,LogReg,B_SPC,rr_count,200.0
longest_run_below_median,-0.40598035122179893,coefficient_scaled,LogReg,B_SPC,rr_count,200.0
trend_run_up_max,0.06427003951095875,coefficient_scaled,LogReg,B_SPC,rr_count,200.0
trend_run_down_max,-0.12376609962845347,coefficient_scaled,LogReg,B_SPC,rr_count,200.0
n_runs_rule_violations,-0.17869225012852777,coefficient_scaled,LogReg,B_SPC,rr_count,200.0
mean_rr,0.35612643693453055,coefficient_scaled,LogReg,C_HRV_SPC,rr_count,200.0
median_rr,0.37509515923924325,coefficient_scaled,LogReg,C_HRV_SPC,rr_count,200.0
std_rr,-0.5480456993742137,coefficient_scaled,LogReg,C_HRV_SPC,rr_count,200.0
mad_rr,0.2121264049488758,coefficient_scaled,LogReg,C_HRV_SPC,rr_count,200.0
rmssd,-0.04634529079168998,coefficient_scaled,LogReg,C_HRV_SPC,rr_count,200.0
sdsd,-0.04636461756315334,coefficient_scaled,LogReg,C_HRV_SPC,rr_count,200.0
cv_rr,-0.5937908435725471,coefficient_scaled,LogReg,C_HRV_SPC,rr_count,200.0
rr_diff_mean,0.3676366217432503,coefficient_scaled,LogReg,C_HRV_SPC,rr_count,200.0
rr_diff_std,-0.04636461756315334,coefficient_scaled,LogReg,C_HRV_SPC,rr_count,200.0
shewhart_out_count,1.0904109124268442,coefficient_scaled,LogReg,C_HRV_SPC,rr_count,200.0
shewhart_out_rate,0.37685648114248926,coefficient_scaled,LogReg,C_HRV_SPC,rr_count,200.0
shewhart_max_abs_z,-0.41279012215469907,coefficient_scaled,LogReg,C_HRV_SPC,rr_count,200.0
shewhart_first_alarm_pos,0.0034393428576293926,coefficient_scaled,LogReg,C_HRV_SPC,rr_count,200.0
shewhart_first_alarm_time_sec,-0.5666463448206274,coefficient_scaled,LogReg,C_HRV_SPC,rr_count,200.0
cusum_pos_max,-0.8195987920668899,coefficient_scaled,LogReg,C_HRV_SPC,rr_count,200.0
cusum_neg_max,-0.3356976048365956,coefficient_scaled,LogReg,C_HRV_SPC,rr_count,200.0
cusum_abs_max,-0.5618970077392055,coefficient_scaled,LogReg,C_HRV_SPC,rr_count,200.0
cusum_last_pos,0.15751605246766087,coefficient_scaled,LogReg,C_HRV_SPC,rr_count,200.0
cusum_last_neg,-0.2060165118297574,coefficient_scaled,LogReg,C_HRV_SPC,rr_count,200.0
cusum_alarm_count,0.6677669225381627,coefficient_scaled,LogReg,C_HRV_SPC,rr_count,200.0
cusum_first_alarm_pos,-0.17176502952224543,coefficient_scaled,LogReg,C_HRV_SPC,rr_count,200.0
cusum_first_alarm_time_sec,-0.05384487615587494,coefficient_scaled,LogReg,C_HRV_SPC,rr_count,200.0
cusum_time_in_alarm,0.16674093298706827,coefficient_scaled,LogReg,C_HRV_SPC,rr_count,200.0
cusum_alarm_density,0.33716910007170375,coefficient_scaled,LogReg,C_HRV_SPC,rr_count,200.0
ewma_last,-0.565090993293611,coefficient_scaled,LogReg,C_HRV_SPC,rr_count,200.0
ewma_max_abs,0.15906528969886613,coefficient_scaled,LogReg,C_HRV_SPC,rr_count,200.0
ewma_slope,-0.8630484088007354,coefficient_scaled,LogReg,C_HRV_SPC,rr_count,200.0
ewma_alarm_count,0.08095513350112019,coefficient_scaled,LogReg,C_HRV_SPC,rr_count,200.0
ewma_first_alarm_time_sec,-0.17126828424560428,coefficient_scaled,LogReg,C_HRV_SPC,rr_count,200.0
mr_mean,0.3676366217432503,coefficient_scaled,LogReg,C_HRV_SPC,rr_count,200.0
mr_median,0.47807687059284537,coefficient_scaled,LogReg,C_HRV_SPC,rr_count,200.0
mr_max,0.9171934883957353,coefficient_scaled,LogReg,C_HRV_SPC,rr_count,200.0
mr_mad,0.3636818538511716,coefficient_scaled,LogReg,C_HRV_SPC,rr_count,200.0
mr_out_count,0.6370386689851651,coefficient_scaled,LogReg,C_HRV_SPC,rr_count,200.0
longest_run_above_median,0.18697825317927838,coefficient_scaled,LogReg,C_HRV_SPC,rr_count,200.0
longest_run_below_median,-0.37022851052081934,coefficient_scaled,LogReg,C_HRV_SPC,rr_count,200.0
trend_run_up_max,0.003755023001422962,coefficient_scaled,LogReg,C_HRV_SPC,rr_count,200.0
trend_run_down_max,-0.09804447983701088,coefficient_scaled,LogReg,C_HRV_SPC,rr_count,200.0
n_runs_rule_violations,-0.06632564085756136,coefficient_scaled,LogReg,C_HRV_SPC,rr_count,200.0
mean_rr,0.45026796675148495,coefficient_scaled,LogReg,D_HRV_SPC_Poincare,rr_count,200.0
median_rr,0.4683408309183841,coefficient_scaled,LogReg,D_HRV_SPC_Poincare,rr_count,200.0
std_rr,-0.39087986404397174,coefficient_scaled,LogReg,D_HRV_SPC_Poincare,rr_count,200.0
mad_rr,0.3415013228050843,coefficient_scaled,LogReg,D_HRV_SPC_Poincare,rr_count,200.0
rmssd,-0.08336525897047667,coefficient_scaled,LogReg,D_HRV_SPC_Poincare,rr_count,200.0
sdsd,-0.08338356627496595,coefficient_scaled,LogReg,D_HRV_SPC_Poincare,rr_count,200.0
cv_rr,-0.45066450441829514,coefficient_scaled,LogReg,D_HRV_SPC_Poincare,rr_count,200.0
rr_diff_mean,0.3261848818800517,coefficient_scaled,LogReg,D_HRV_SPC_Poincare,rr_count,200.0
rr_diff_std,-0.08338356627496595,coefficient_scaled,LogReg,D_HRV_SPC_Poincare,rr_count,200.0
shewhart_out_count,1.0332166939965655,coefficient_scaled,LogReg,D_HRV_SPC_Poincare,rr_count,200.0
shewhart_out_rate,0.27247495532014937,coefficient_scaled,LogReg,D_HRV_SPC_Poincare,rr_count,200.0
shewhart_max_abs_z,-0.3679682292293352,coefficient_scaled,LogReg,D_HRV_SPC_Poincare,rr_count,200.0
shewhart_first_alarm_pos,-0.07759322980043731,coefficient_scaled,LogReg,D_HRV_SPC_Poincare,rr_count,200.0
shewhart_first_alarm_time_sec,-0.6574764320513227,coefficient_scaled,LogReg,D_HRV_SPC_Poincare,rr_count,200.0
cusum_pos_max,-0.7774512339067388,coefficient_scaled,LogReg,D_HRV_SPC_Poincare,rr_count,200.0
cusum_neg_max,-0.16205509593370096,coefficient_scaled,LogReg,D_HRV_SPC_Poincare,rr_count,200.0
cusum_abs_max,-0.4151617200247776,coefficient_scaled,LogReg,D_HRV_SPC_Poincare,rr_count,200.0
cusum_last_pos,0.1715192035554481,coefficient_scaled,LogReg,D_HRV_SPC_Poincare,rr_count,200.0
cusum_last_neg,-0.20174506296113023,coefficient_scaled,LogReg,D_HRV_SPC_Poincare,rr_count,200.0
cusum_alarm_count,0.6776418542437179,coefficient_scaled,LogReg,D_HRV_SPC_Poincare,rr_count,200.0
cusum_first_alarm_pos,-0.0727126348485012,coefficient_scaled,LogReg,D_HRV_SPC_Poincare,rr_count,200.0
cusum_first_alarm_time_sec,-0.004865776213106195,coefficient_scaled,LogReg,D_HRV_SPC_Poincare,rr_count,200.0
cusum_time_in_alarm,0.22476262499865626,coefficient_scaled,LogReg,D_HRV_SPC_Poincare,rr_count,200.0
cusum_alarm_density,0.34667759330484,coefficient_scaled,LogReg,D_HRV_SPC_Poincare,rr_count,200.0
ewma_last,-0.4549420232658986,coefficient_scaled,LogReg,D_HRV_SPC_Poincare,rr_count,200.0
ewma_max_abs,0.13050938638848406,coefficient_scaled,LogReg,D_HRV_SPC_Poincare,rr_count,200.0
ewma_slope,-0.9800842374832808,coefficient_scaled,LogReg,D_HRV_SPC_Poincare,rr_count,200.0
ewma_alarm_count,0.16924920307761293,coefficient_scaled,LogReg,D_HRV_SPC_Poincare,rr_count,200.0
ewma_first_alarm_time_sec,-0.2119929238508085,coefficient_scaled,LogReg,D_HRV_SPC_Poincare,rr_count,200.0
mr_mean,0.3261848818800517,coefficient_scaled,LogReg,D_HRV_SPC_Poincare,rr_count,200.0
mr_median,0.42957429443740686,coefficient_scaled,LogReg,D_HRV_SPC_Poincare,rr_count,200.0
mr_max,0.8896952665373039,coefficient_scaled,LogReg,D_HRV_SPC_Poincare,rr_count,200.0
mr_mad,0.4649109181562792,coefficient_scaled,LogReg,D_HRV_SPC_Poincare,rr_count,200.0
mr_out_count,0.7268337088723047,coefficient_scaled,LogReg,D_HRV_SPC_Poincare,rr_count,200.0
longest_run_above_median,0.32158935678881817,coefficient_scaled,LogReg,D_HRV_SPC_Poincare,rr_count,200.0
longest_run_below_median,-0.2876759411021779,coefficient_scaled,LogReg,D_HRV_SPC_Poincare,rr_count,200.0
trend_run_up_max,0.15457314849344925,coefficient_scaled,LogReg,D_HRV_SPC_Poincare,rr_count,200.0
trend_run_down_max,-0.07276609175394652,coefficient_scaled,LogReg,D_HRV_SPC_Poincare,rr_count,200.0
n_runs_rule_violations,0.05404253331307891,coefficient_scaled,LogReg,D_HRV_SPC_Poincare,rr_count,200.0
sd1,-0.08336525897047618,coefficient_scaled,LogReg,D_HRV_SPC_Poincare,rr_count,200.0
sd2,-0.6895997235915564,coefficient_scaled,LogReg,D_HRV_SPC_Poincare,rr_count,200.0
sd1_sd2_ratio,0.7312227967136055,coefficient_scaled,LogReg,D_HRV_SPC_Poincare,rr_count,200.0
mean_rr,0.5550929893226002,coefficient_scaled,LogReg,E_HRV_SPC_Poincare_Ectopy,rr_count,200.0
median_rr,0.5707495337505402,coefficient_scaled,LogReg,E_HRV_SPC_Poincare_Ectopy,rr_count,200.0
std_rr,-0.39727022476591806,coefficient_scaled,LogReg,E_HRV_SPC_Poincare_Ectopy,rr_count,200.0
mad_rr,0.038133816985237726,coefficient_scaled,LogReg,E_HRV_SPC_Poincare_Ectopy,rr_count,200.0
rmssd,-0.20718002886533132,coefficient_scaled,LogReg,E_HRV_SPC_Poincare_Ectopy,rr_count,200.0
sdsd,-0.20719477943736958,coefficient_scaled,LogReg,E_HRV_SPC_Poincare_Ectopy,rr_count,200.0
cv_rr,-0.5601744492854387,coefficient_scaled,LogReg,E_HRV_SPC_Poincare_Ectopy,rr_count,200.0
rr_diff_mean,0.20536643810396313,coefficient_scaled,LogReg,E_HRV_SPC_Poincare_Ectopy,rr_count,200.0
rr_diff_std,-0.20719477943736958,coefficient_scaled,LogReg,E_HRV_SPC_Poincare_Ectopy,rr_count,200.0
shewhart_out_count,0.913557428819942,coefficient_scaled,LogReg,E_HRV_SPC_Poincare_Ectopy,rr_count,200.0
shewhart_out_rate,0.3061941247532428,coefficient_scaled,LogReg,E_HRV_SPC_Poincare_Ectopy,rr_count,200.0
shewhart_max_abs_z,-0.2970350396482182,coefficient_scaled,LogReg,E_HRV_SPC_Poincare_Ectopy,rr_count,200.0
shewhart_first_alarm_pos,-0.14409202294050338,coefficient_scaled,LogReg,E_HRV_SPC_Poincare_Ectopy,rr_count,200.0
shewhart_first_alarm_time_sec,-0.5882626109301784,coefficient_scaled,LogReg,E_HRV_SPC_Poincare_Ectopy,rr_count,200.0
cusum_pos_max,-0.746023060403899,coefficient_scaled,LogReg,E_HRV_SPC_Poincare_Ectopy,rr_count,200.0
cusum_neg_max,-0.10215959257965296,coefficient_scaled,LogReg,E_HRV_SPC_Poincare_Ectopy,rr_count,200.0
cusum_abs_max,-0.3515515168671304,coefficient_scaled,LogReg,E_HRV_SPC_Poincare_Ectopy,rr_count,200.0
cusum_last_pos,0.24607688040512815,coefficient_scaled,LogReg,E_HRV_SPC_Poincare_Ectopy,rr_count,200.0
cusum_last_neg,-0.14779419408604058,coefficient_scaled,LogReg,E_HRV_SPC_Poincare_Ectopy,rr_count,200.0
cusum_alarm_count,0.6208434718290071,coefficient_scaled,LogReg,E_HRV_SPC_Poincare_Ectopy,rr_count,200.0
cusum_first_alarm_pos,0.02958027761259142,coefficient_scaled,LogReg,E_HRV_SPC_Poincare_Ectopy,rr_count,200.0
cusum_first_alarm_time_sec,-0.007125679610358542,coefficient_scaled,LogReg,E_HRV_SPC_Poincare_Ectopy,rr_count,200.0
cusum_time_in_alarm,0.15489655027000712,coefficient_scaled,LogReg,E_HRV_SPC_Poincare_Ectopy,rr_count,200.0
cusum_alarm_density,0.25410530048387325,coefficient_scaled,LogReg,E_HRV_SPC_Poincare_Ectopy,rr_count,200.0
ewma_last,-0.39377508310945714,coefficient_scaled,LogReg,E_HRV_SPC_Poincare_Ectopy,rr_count,200.0
ewma_max_abs,0.14870461020127765,coefficient_scaled,LogReg,E_HRV_SPC_Poincare_Ectopy,rr_count,200.0
ewma_slope,-0.9264600971573977,coefficient_scaled,LogReg,E_HRV_SPC_Poincare_Ectopy,rr_count,200.0
ewma_alarm_count,0.2325995534667474,coefficient_scaled,LogReg,E_HRV_SPC_Poincare_Ectopy,rr_count,200.0
ewma_first_alarm_time_sec,-0.310000730228146,coefficient_scaled,LogReg,E_HRV_SPC_Poincare_Ectopy,rr_count,200.0
mr_mean,0.20536643810396313,coefficient_scaled,LogReg,E_HRV_SPC_Poincare_Ectopy,rr_count,200.0
mr_median,0.34968219061002753,coefficient_scaled,LogReg,E_HRV_SPC_Poincare_Ectopy,rr_count,200.0
mr_max,0.82498032781408,coefficient_scaled,LogReg,E_HRV_SPC_Poincare_Ectopy,rr_count,200.0
mr_mad,0.46031712468145863,coefficient_scaled,LogReg,E_HRV_SPC_Poincare_Ectopy,rr_count,200.0
mr_out_count,0.73249964187116,coefficient_scaled,LogReg,E_HRV_SPC_Poincare_Ectopy,rr_count,200.0
longest_run_above_median,0.44308788675638366,coefficient_scaled,LogReg,E_HRV_SPC_Poincare_Ectopy,rr_count,200.0
longest_run_below_median,-0.3264275605181506,coefficient_scaled,LogReg,E_HRV_SPC_Poincare_Ectopy,rr_count,200.0
trend_run_up_max,0.15907739419009184,coefficient_scaled,LogReg,E_HRV_SPC_Poincare_Ectopy,rr_count,200.0
trend_run_down_max,-0.10334674977317948,coefficient_scaled,LogReg,E_HRV_SPC_Poincare_Ectopy,rr_count,200.0
n_runs_rule_violations,0.10457573169022148,coefficient_scaled,LogReg,E_HRV_SPC_Poincare_Ectopy,rr_count,200.0
sd1,-0.20718002886533093,coefficient_scaled,LogReg,E_HRV_SPC_Poincare_Ectopy,rr_count,200.0
sd2,-0.6955763049472866,coefficient_scaled,LogReg,E_HRV_SPC_Poincare_Ectopy,rr_count,200.0
sd1_sd2_ratio,0.6331195195572727,coefficient_scaled,LogReg,E_HRV_SPC_Poincare_Ectopy,rr_count,200.0
ectopy_like_count,0.3105591608932788,coefficient_scaled,LogReg,E_HRV_SPC_Poincare_Ectopy,rr_count,200.0
ectopy_like_density,0.3226472609167858,coefficient_scaled,LogReg,E_HRV_SPC_Poincare_Ectopy,rr_count,200.0
short_long_sequence_count,0.29052205021116545,coefficient_scaled,LogReg,E_HRV_SPC_Poincare_Ectopy,rr_count,200.0
compensatory_pause_like_count,0.29052205021116545,coefficient_scaled,LogReg,E_HRV_SPC_Poincare_Ectopy,rr_count,200.0
bigeminy_like_pattern_count,0.36424404078075856,coefficient_scaled,LogReg,E_HRV_SPC_Poincare_Ectopy,rr_count,200.0
trigeminy_like_pattern_count,0.44793334992012107,coefficient_scaled,LogReg,E_HRV_SPC_Poincare_Ectopy,rr_count,200.0
atrial_tachy_like_run_count,-0.1744155707164399,coefficient_scaled,LogReg,E_HRV_SPC_Poincare_Ectopy,rr_count,200.0
mean_rr,-0.07571627045752337,coefficient_scaled,LogReg,A_HRV,time,300.0
median_rr,0.07772040897275834,coefficient_scaled,LogReg,A_HRV,time,300.0
std_rr,0.11042648399922146,coefficient_scaled,LogReg,A_HRV,time,300.0
mad_rr,0.30672279875747954,coefficient_scaled,LogReg,A_HRV,time,300.0
rmssd,-0.0402398319621112,coefficient_scaled,LogReg,A_HRV,time,300.0
sdsd,-0.03967227769807806,coefficient_scaled,LogReg,A_HRV,time,300.0
cv_rr,-0.1696753415226701,coefficient_scaled,LogReg,A_HRV,time,300.0
rr_diff_mean,0.2086587751801121,coefficient_scaled,LogReg,A_HRV,time,300.0
rr_diff_std,-0.03967227769807813,coefficient_scaled,LogReg,A_HRV,time,300.0
shewhart_out_count,1.3243125185406122,coefficient_scaled,LogReg,B_SPC,time,300.0
shewhart_out_rate,0.44831076203971476,coefficient_scaled,LogReg,B_SPC,time,300.0
shewhart_max_abs_z,-0.14846631225584256,coefficient_scaled,LogReg,B_SPC,time,300.0
shewhart_first_alarm_pos,-0.07738656431915643,coefficient_scaled,LogReg,B_SPC,time,300.0
shewhart_first_alarm_time_sec,0.34454834516876104,coefficient_scaled,LogReg,B_SPC,time,300.0
cusum_pos_max,-1.067133049872804,coefficient_scaled,LogReg,B_SPC,time,300.0
cusum_neg_max,-0.1541488850251513,coefficient_scaled,LogReg,B_SPC,time,300.0
cusum_abs_max,-0.6518955349196381,coefficient_scaled,LogReg,B_SPC,time,300.0
cusum_last_pos,-0.15480878744966456,coefficient_scaled,LogReg,B_SPC,time,300.0
cusum_last_neg,-0.20140800869900774,coefficient_scaled,LogReg,B_SPC,time,300.0
cusum_alarm_count,0.26236690135425716,coefficient_scaled,LogReg,B_SPC,time,300.0
cusum_first_alarm_pos,-0.6324614515623175,coefficient_scaled,LogReg,B_SPC,time,300.0
cusum_first_alarm_time_sec,-0.14587792311580453,coefficient_scaled,LogReg,B_SPC,time,300.0
cusum_time_in_alarm,0.22815141422902188,coefficient_scaled,LogReg,B_SPC,time,300.0
cusum_alarm_density,0.22566256000403506,coefficient_scaled,LogReg,B_SPC,time,300.0
ewma_last,0.07796498368396484,coefficient_scaled,LogReg,B_SPC,time,300.0
ewma_max_abs,0.38164598817326956,coefficient_scaled,LogReg,B_SPC,time,300.0
ewma_slope,-0.7173837296021803,coefficient_scaled,LogReg,B_SPC,time,300.0
ewma_alarm_count,-0.003099076644024048,coefficient_scaled,LogReg,B_SPC,time,300.0
ewma_first_alarm_time_sec,-0.22138087188113423,coefficient_scaled,LogReg,B_SPC,time,300.0
mr_mean,0.09637427801956083,coefficient_scaled,LogReg,B_SPC,time,300.0
mr_median,0.09466054690194603,coefficient_scaled,LogReg,B_SPC,time,300.0
mr_max,1.0063086773133847,coefficient_scaled,LogReg,B_SPC,time,300.0
mr_mad,0.40132326488834047,coefficient_scaled,LogReg,B_SPC,time,300.0
mr_out_count,0.4155546019390357,coefficient_scaled,LogReg,B_SPC,time,300.0
longest_run_above_median,-0.16715502177705555,coefficient_scaled,LogReg,B_SPC,time,300.0
longest_run_below_median,-0.013791164012241485,coefficient_scaled,LogReg,B_SPC,time,300.0
trend_run_up_max,0.1875937254748209,coefficient_scaled,LogReg,B_SPC,time,300.0
trend_run_down_max,0.2876748527901624,coefficient_scaled,LogReg,B_SPC,time,300.0
n_runs_rule_violations,-0.25768803209392455,coefficient_scaled,LogReg,B_SPC,time,300.0
mean_rr,0.2279588334541195,coefficient_scaled,LogReg,C_HRV_SPC,time,300.0
median_rr,0.23788444890176458,coefficient_scaled,LogReg,C_HRV_SPC,time,300.0
std_rr,-0.15592316373971596,coefficient_scaled,LogReg,C_HRV_SPC,time,300.0
mad_rr,0.14713658312869723,coefficient_scaled,LogReg,C_HRV_SPC,time,300.0
rmssd,0.008554584529065276,coefficient_scaled,LogReg,C_HRV_SPC,time,300.0
sdsd,0.008867624853370186,coefficient_scaled,LogReg,C_HRV_SPC,time,300.0
cv_rr,-0.23002706646261942,coefficient_scaled,LogReg,C_HRV_SPC,time,300.0
rr_diff_mean,0.06364527051907262,coefficient_scaled,LogReg,C_HRV_SPC,time,300.0
rr_diff_std,0.008867624853370186,coefficient_scaled,LogReg,C_HRV_SPC,time,300.0
shewhart_out_count,1.3414746796727834,coefficient_scaled,LogReg,C_HRV_SPC,time,300.0
shewhart_out_rate,0.40396625662882846,coefficient_scaled,LogReg,C_HRV_SPC,time,300.0
shewhart_max_abs_z,-0.09201927541127092,coefficient_scaled,LogReg,C_HRV_SPC,time,300.0
shewhart_first_alarm_pos,0.017412119345215953,coefficient_scaled,LogReg,C_HRV_SPC,time,300.0
shewhart_first_alarm_time_sec,0.36862821161332443,coefficient_scaled,LogReg,C_HRV_SPC,time,300.0
cusum_pos_max,-1.0228989589261894,coefficient_scaled,LogReg,C_HRV_SPC,time,300.0
cusum_neg_max,-0.059644197212252795,coefficient_scaled,LogReg,C_HRV_SPC,time,300.0
cusum_abs_max,-0.5678306780419237,coefficient_scaled,LogReg,C_HRV_SPC,time,300.0
cusum_last_pos,-0.13735941697687418,coefficient_scaled,LogReg,C_HRV_SPC,time,300.0
cusum_last_neg,-0.14613715052585996,coefficient_scaled,LogReg,C_HRV_SPC,time,300.0
cusum_alarm_count,0.45670199888858465,coefficient_scaled,LogReg,C_HRV_SPC,time,300.0
cusum_first_alarm_pos,-0.4099876113396749,coefficient_scaled,LogReg,C_HRV_SPC,time,300.0
cusum_first_alarm_time_sec,-0.15634380219015453,coefficient_scaled,LogReg,C_HRV_SPC,time,300.0
cusum_time_in_alarm,0.15460436091645954,coefficient_scaled,LogReg,C_HRV_SPC,time,300.0
cusum_alarm_density,0.15214277850443617,coefficient_scaled,LogReg,C_HRV_SPC,time,300.0
ewma_last,0.08053874548460228,coefficient_scaled,LogReg,C_HRV_SPC,time,300.0
ewma_max_abs,0.4218917056716065,coefficient_scaled,LogReg,C_HRV_SPC,time,300.0
ewma_slope,-0.6598980785766859,coefficient_scaled,LogReg,C_HRV_SPC,time,300.0
ewma_alarm_count,0.14838039438662007,coefficient_scaled,LogReg,C_HRV_SPC,time,300.0
ewma_first_alarm_time_sec,-0.2427267643550592,coefficient_scaled,LogReg,C_HRV_SPC,time,300.0
mr_mean,0.06364527051907262,coefficient_scaled,LogReg,C_HRV_SPC,time,300.0
mr_median,0.12212779017230445,coefficient_scaled,LogReg,C_HRV_SPC,time,300.0
mr_max,1.0075842134881632,coefficient_scaled,LogReg,C_HRV_SPC,time,300.0
mr_mad,0.5380534029203566,coefficient_scaled,LogReg,C_HRV_SPC,time,300.0
mr_out_count,0.5995725021271684,coefficient_scaled,LogReg,C_HRV_SPC,time,300.0
longest_run_above_median,-0.23934904838839421,coefficient_scaled,LogReg,C_HRV_SPC,time,300.0
longest_run_below_median,-0.004045652886582619,coefficient_scaled,LogReg,C_HRV_SPC,time,300.0
trend_run_up_max,0.10890118452932918,coefficient_scaled,LogReg,C_HRV_SPC,time,300.0
trend_run_down_max,0.25392811521196423,coefficient_scaled,LogReg,C_HRV_SPC,time,300.0
n_runs_rule_violations,-0.24938560121092035,coefficient_scaled,LogReg,C_HRV_SPC,time,300.0
mean_rr,0.2688633143879608,coefficient_scaled,LogReg,D_HRV_SPC_Poincare,time,300.0
median_rr,0.28352906182047627,coefficient_scaled,LogReg,D_HRV_SPC_Poincare,time,300.0
std_rr,-0.06863062028353441,coefficient_scaled,LogReg,D_HRV_SPC_Poincare,time,300.0
mad_rr,0.21714016113690637,coefficient_scaled,LogReg,D_HRV_SPC_Poincare,time,300.0
rmssd,-0.010286476611567967,coefficient_scaled,LogReg,D_HRV_SPC_Poincare,time,300.0
sdsd,-0.009966021492223781,coefficient_scaled,LogReg,D_HRV_SPC_Poincare,time,300.0
cv_rr,-0.15922399472636095,coefficient_scaled,LogReg,D_HRV_SPC_Poincare,time,300.0
rr_diff_mean,0.042055506627619164,coefficient_scaled,LogReg,D_HRV_SPC_Poincare,time,300.0
rr_diff_std,-0.009966021492223781,coefficient_scaled,LogReg,D_HRV_SPC_Poincare,time,300.0
shewhart_out_count,1.3161859811065297,coefficient_scaled,LogReg,D_HRV_SPC_Poincare,time,300.0
shewhart_out_rate,0.38337249820486885,coefficient_scaled,LogReg,D_HRV_SPC_Poincare,time,300.0
shewhart_max_abs_z,-0.09897878994468928,coefficient_scaled,LogReg,D_HRV_SPC_Poincare,time,300.0
shewhart_first_alarm_pos,-0.013639175483823872,coefficient_scaled,LogReg,D_HRV_SPC_Poincare,time,300.0
shewhart_first_alarm_time_sec,0.43762576668095243,coefficient_scaled,LogReg,D_HRV_SPC_Poincare,time,300.0
cusum_pos_max,-1.0307092895872452,coefficient_scaled,LogReg,D_HRV_SPC_Poincare,time,300.0
cusum_neg_max,0.002837343386196775,coefficient_scaled,LogReg,D_HRV_SPC_Poincare,time,300.0
cusum_abs_max,-0.5009877428380133,coefficient_scaled,LogReg,D_HRV_SPC_Poincare,time,300.0
cusum_last_pos,-0.12077486116623402,coefficient_scaled,LogReg,D_HRV_SPC_Poincare,time,300.0
cusum_last_neg,-0.1385526831599674,coefficient_scaled,LogReg,D_HRV_SPC_Poincare,time,300.0
cusum_alarm_count,0.4744420958012229,coefficient_scaled,LogReg,D_HRV_SPC_Poincare,time,300.0
cusum_first_alarm_pos,-0.3408567144448747,coefficient_scaled,LogReg,D_HRV_SPC_Poincare,time,300.0
cusum_first_alarm_time_sec,-0.22555116243267267,coefficient_scaled,LogReg,D_HRV_SPC_Poincare,time,300.0
cusum_time_in_alarm,0.169312746939763,coefficient_scaled,LogReg,D_HRV_SPC_Poincare,time,300.0
cusum_alarm_density,0.16671431720315272,coefficient_scaled,LogReg,D_HRV_SPC_Poincare,time,300.0
ewma_last,0.07490628046697777,coefficient_scaled,LogReg,D_HRV_SPC_Poincare,time,300.0
ewma_max_abs,0.4163944250498759,coefficient_scaled,LogReg,D_HRV_SPC_Poincare,time,300.0
ewma_slope,-0.542004964515276,coefficient_scaled,LogReg,D_HRV_SPC_Poincare,time,300.0
ewma_alarm_count,0.18535971598549805,coefficient_scaled,LogReg,D_HRV_SPC_Poincare,time,300.0
ewma_first_alarm_time_sec,-0.30288933980936383,coefficient_scaled,LogReg,D_HRV_SPC_Poincare,time,300.0
mr_mean,0.042055506627619164,coefficient_scaled,LogReg,D_HRV_SPC_Poincare,time,300.0
mr_median,0.09385540920126094,coefficient_scaled,LogReg,D_HRV_SPC_Poincare,time,300.0
mr_max,1.0487215786685216,coefficient_scaled,LogReg,D_HRV_SPC_Poincare,time,300.0
mr_mad,0.561478327093419,coefficient_scaled,LogReg,D_HRV_SPC_Poincare,time,300.0
mr_out_count,0.6199442959948409,coefficient_scaled,LogReg,D_HRV_SPC_Poincare,time,300.0
longest_run_above_median,-0.19793914494385442,coefficient_scaled,LogReg,D_HRV_SPC_Poincare,time,300.0
longest_run_below_median,0.03979004215754269,coefficient_scaled,LogReg,D_HRV_SPC_Poincare,time,300.0
trend_run_up_max,0.1463478859751049,coefficient_scaled,LogReg,D_HRV_SPC_Poincare,time,300.0
trend_run_down_max,0.2331327029797708,coefficient_scaled,LogReg,D_HRV_SPC_Poincare,time,300.0
n_runs_rule_violations,-0.14254355070180758,coefficient_scaled,LogReg,D_HRV_SPC_Poincare,time,300.0
sd1,-0.010286476611567539,coefficient_scaled,LogReg,D_HRV_SPC_Poincare,time,300.0
sd2,-0.4173300786612066,coefficient_scaled,LogReg,D_HRV_SPC_Poincare,time,300.0
sd1_sd2_ratio,0.3894681697821557,coefficient_scaled,LogReg,D_HRV_SPC_Poincare,time,300.0
mean_rr,0.3937695054878692,coefficient_scaled,LogReg,E_HRV_SPC_Poincare_Ectopy,time,300.0
median_rr,0.3902102663070493,coefficient_scaled,LogReg,E_HRV_SPC_Poincare_Ectopy,time,300.0
std_rr,-0.056209229038838265,coefficient_scaled,LogReg,E_HRV_SPC_Poincare_Ectopy,time,300.0
mad_rr,-0.06288012274948708,coefficient_scaled,LogReg,E_HRV_SPC_Poincare_Ectopy,time,300.0
rmssd,-0.0772327534527954,coefficient_scaled,LogReg,E_HRV_SPC_Poincare_Ectopy,time,300.0
sdsd,-0.07681164963600878,coefficient_scaled,LogReg,E_HRV_SPC_Poincare_Ectopy,time,300.0
cv_rr,-0.2865124045813824,coefficient_scaled,LogReg,E_HRV_SPC_Poincare_Ectopy,time,300.0
rr_diff_mean,-0.03924934831943647,coefficient_scaled,LogReg,E_HRV_SPC_Poincare_Ectopy,time,300.0
rr_diff_std,-0.07681164963600878,coefficient_scaled,LogReg,E_HRV_SPC_Poincare_Ectopy,time,300.0
shewhart_out_count,1.0807267524017428,coefficient_scaled,LogReg,E_HRV_SPC_Poincare_Ectopy,time,300.0
shewhart_out_rate,0.44874479660223754,coefficient_scaled,LogReg,E_HRV_SPC_Poincare_Ectopy,time,300.0
shewhart_max_abs_z,-0.03679469108947782,coefficient_scaled,LogReg,E_HRV_SPC_Poincare_Ectopy,time,300.0
shewhart_first_alarm_pos,-0.059938754807511097,coefficient_scaled,LogReg,E_HRV_SPC_Poincare_Ectopy,time,300.0
shewhart_first_alarm_time_sec,0.39857879300388205,coefficient_scaled,LogReg,E_HRV_SPC_Poincare_Ectopy,time,300.0
cusum_pos_max,-0.9366192131154891,coefficient_scaled,LogReg,E_HRV_SPC_Poincare_Ectopy,time,300.0
cusum_neg_max,-0.04800602721400732,coefficient_scaled,LogReg,E_HRV_SPC_Poincare_Ectopy,time,300.0
cusum_abs_max,-0.503085589319145,coefficient_scaled,LogReg,E_HRV_SPC_Poincare_Ectopy,time,300.0
cusum_last_pos,-0.009503467821607145,coefficient_scaled,LogReg,E_HRV_SPC_Poincare_Ectopy,time,300.0
cusum_last_neg,-0.07283899218453779,coefficient_scaled,LogReg,E_HRV_SPC_Poincare_Ectopy,time,300.0
cusum_alarm_count,0.3899074413588653,coefficient_scaled,LogReg,E_HRV_SPC_Poincare_Ectopy,time,300.0
cusum_first_alarm_pos,-0.3897768681888333,coefficient_scaled,LogReg,E_HRV_SPC_Poincare_Ectopy,time,300.0
cusum_first_alarm_time_sec,-0.17100457907204447,coefficient_scaled,LogReg,E_HRV_SPC_Poincare_Ectopy,time,300.0
cusum_time_in_alarm,0.11377486913315905,coefficient_scaled,LogReg,E_HRV_SPC_Poincare_Ectopy,time,300.0
cusum_alarm_density,0.11178059240642839,coefficient_scaled,LogReg,E_HRV_SPC_Poincare_Ectopy,time,300.0
ewma_last,0.04534718295145729,coefficient_scaled,LogReg,E_HRV_SPC_Poincare_Ectopy,time,300.0
ewma_max_abs,0.34942096195466604,coefficient_scaled,LogReg,E_HRV_SPC_Poincare_Ectopy,time,300.0
ewma_slope,-0.6410023710314015,coefficient_scaled,LogReg,E_HRV_SPC_Poincare_Ectopy,time,300.0
ewma_alarm_count,0.29981439278197913,coefficient_scaled,LogReg,E_HRV_SPC_Poincare_Ectopy,time,300.0
ewma_first_alarm_time_sec,-0.3568844188806664,coefficient_scaled,LogReg,E_HRV_SPC_Poincare_Ectopy,time,300.0
mr_mean,-0.03924934831943647,coefficient_scaled,LogReg,E_HRV_SPC_Poincare_Ectopy,time,300.0
mr_median,-0.009215380518793833,coefficient_scaled,LogReg,E_HRV_SPC_Poincare_Ectopy,time,300.0
mr_max,1.0998949317974875,coefficient_scaled,LogReg,E_HRV_SPC_Poincare_Ectopy,time,300.0
mr_mad,0.43728534893166443,coefficient_scaled,LogReg,E_HRV_SPC_Poincare_Ectopy,time,300.0
mr_out_count,0.5646170845374059,coefficient_scaled,LogReg,E_HRV_SPC_Poincare_Ectopy,time,300.0
longest_run_above_median,0.07547217441652493,coefficient_scaled,LogReg,E_HRV_SPC_Poincare_Ectopy,time,300.0
longest_run_below_median,-0.13926340827095263,coefficient_scaled,LogReg,E_HRV_SPC_Poincare_Ectopy,time,300.0
trend_run_up_max,0.057865362095471995,coefficient_scaled,LogReg,E_HRV_SPC_Poincare_Ectopy,time,300.0
trend_run_down_max,0.2402938662745857,coefficient_scaled,LogReg,E_HRV_SPC_Poincare_Ectopy,time,300.0
n_runs_rule_violations,-0.08858081980045009,coefficient_scaled,LogReg,E_HRV_SPC_Poincare_Ectopy,time,300.0
sd1,-0.0772327534527947,coefficient_scaled,LogReg,E_HRV_SPC_Poincare_Ectopy,time,300.0
sd2,-0.4911145321499297,coefficient_scaled,LogReg,E_HRV_SPC_Poincare_Ectopy,time,300.0
sd1_sd2_ratio,0.25443552860652513,coefficient_scaled,LogReg,E_HRV_SPC_Poincare_Ectopy,time,300.0
ectopy_like_count,0.26945819850223574,coefficient_scaled,LogReg,E_HRV_SPC_Poincare_Ectopy,time,300.0
ectopy_like_density,0.08588943404771385,coefficient_scaled,LogReg,E_HRV_SPC_Poincare_Ectopy,time,300.0
short_long_sequence_count,0.17740184474893414,coefficient_scaled,LogReg,E_HRV_SPC_Poincare_Ectopy,time,300.0
compensatory_pause_like_count,0.17740184474893414,coefficient_scaled,LogReg,E_HRV_SPC_Poincare_Ectopy,time,300.0
bigeminy_like_pattern_count,0.219987703290518,coefficient_scaled,LogReg,E_HRV_SPC_Poincare_Ectopy,time,300.0
trigeminy_like_pattern_count,0.5788468869960199,coefficient_scaled,LogReg,E_HRV_SPC_Poincare_Ectopy,time,300.0
atrial_tachy_like_run_count,0.17491702314892235,coefficient_scaled,LogReg,E_HRV_SPC_Poincare_Ectopy,time,300.0
