window_type,window_size,block_A,block_B,delta_auc,delta_f1
full_record,1800.0,A_HRV,B_SPC,0.144,0.1927
full_record,1800.0,A_HRV,C_HRV_SPC,0.088,0.1715
full_record,1800.0,B_SPC,C_HRV_SPC,-0.056,-0.0212
full_record,1800.0,C_HRV_SPC,D_HRV_SPC_Poincare,0.016,0.0
full_record,1800.0,D_HRV_SPC_Poincare,E_HRV_SPC_Poincare_Ectopy,0.032,-0.0121
rr_count,50.0,A_HRV,B_SPC,0.12,0.0299
rr_count,50.0,A_HRV,C_HRV_SPC,0.2,0.0199
rr_count,50.0,B_SPC,C_HRV_SPC,0.08,-0.01
rr_count,50.0,C_HRV_SPC,D_HRV_SPC_Poincare,0.008,0.0186
rr_count,50.0,D_HRV_SPC_Poincare,E_HRV_SPC_Poincare_Ectopy,0.008,0.0644
rr_count,100.0,A_HRV,B_SPC,0.28,0.274
rr_count,100.0,A_HRV,C_HRV_SPC,0.28,0.2481
rr_count,100.0,B_SPC,C_HRV_SPC,0.0,-0.026
rr_count,100.0,C_HRV_SPC,D_HRV_SPC_Poincare,-0.008,-0.0814
rr_count,100.0,D_HRV_SPC_Poincare,E_HRV_SPC_Poincare_Ectopy,0.024,0.0776
rr_count,128.0,A_HRV,B_SPC,0.312,0.3885
rr_count,128.0,A_HRV,C_HRV_SPC,0.272,0.3952
rr_count,128.0,B_SPC,C_HRV_SPC,-0.04,0.0067
rr_count,128.0,C_HRV_SPC,D_HRV_SPC_Poincare,-0.008,-0.0429
rr_count,128.0,D_HRV_SPC_Poincare,E_HRV_SPC_Poincare_Ectopy,0.08,-0.0495
rr_count,200.0,A_HRV,B_SPC,0.2,0.1502
rr_count,200.0,A_HRV,C_HRV_SPC,0.216,0.1216
rr_count,200.0,B_SPC,C_HRV_SPC,0.016,-0.0285
rr_count,200.0,C_HRV_SPC,D_HRV_SPC_Poincare,0.072,0.0186
rr_count,200.0,D_HRV_SPC_Poincare,E_HRV_SPC_Poincare_Ectopy,-0.016,0.0057
time,300.0,A_HRV,B_SPC,0.112,0.1822
time,300.0,A_HRV,C_HRV_SPC,0.12,0.1105
time,300.0,B_SPC,C_HRV_SPC,0.008,-0.0717
time,300.0,C_HRV_SPC,D_HRV_SPC_Poincare,0.0,-0.0571
time,300.0,D_HRV_SPC_Poincare,E_HRV_SPC_Poincare_Ectopy,0.0,0.0681
