feature,mean_coef,std_coef,n_folds,pct_folds_positive,sign_stable,use_pruning,block
sd1_sd2_ratio,0.8372559483326191,0.13053568098660756,5,1.0,True,False,hrv_full_actual
rr_diff_mean,-0.5814339857675561,0.12450447256394293,5,0.0,True,False,hrv_full_actual
mad_rr,0.547554526613679,0.2964102632586415,5,1.0,True,False,hrv_full_actual
sd2,0.3430047121781191,0.1411370858919329,5,1.0,True,False,hrv_full_actual
std_rr,0.2380639551266,0.06771293366508152,5,1.0,True,False,hrv_full_actual
median_rr,0.05995242508764999,0.030872430173966528,5,1.0,True,False,hrv_full_actual
mean_rr,-0.05720395361574419,0.05649013279569922,5,0.0,True,False,hrv_full_actual
sd1,-0.019608846284453686,0.04896713646599871,5,0.6,False,False,hrv_full_actual
rmssd,-0.019608846284452922,0.04896713646599866,5,0.6,False,False,hrv_full_actual
rr_diff_std,-0.01954142977819454,0.048950059818645184,5,0.6,False,False,hrv_full_actual
sdsd,-0.01954142977819454,0.048950059818645184,5,0.6,False,False,hrv_full_actual
cv_rr,0.0084750553893293,0.27442242801901434,5,0.4,False,False,hrv_full_actual
rmssd,0.5333473596488526,0.07709745729352678,5,1.0,True,False,hrv_reduced_interpretable
sd2,-0.10382526663308525,0.16904879714908913,5,0.2,True,False,hrv_reduced_interpretable
cv_rr,0.04777281017304123,0.20960385599537892,5,0.2,True,False,hrv_reduced_interpretable
sd1_sd2_ratio,0.655558294018529,0.18220225895244824,5,1.0,True,True,hrv_full_pruned
mad_rr,0.5569027730977781,0.23732111421312416,5,1.0,True,True,hrv_full_pruned
rr_diff_mean,-0.5559899428940709,0.14744514428277655,4,0.0,True,True,hrv_full_pruned
rmssd,0.3653771280397708,0.3591445680151975,5,0.8,True,True,hrv_full_pruned
mean_rr,0.00451803102551377,0.05540998764002019,5,0.6,False,True,hrv_full_pruned
