fold,model,block,window_type,window_size,use_pruning,pairwise_concordance,mean_margin,n_pairs_val,auc,balanced_accuracy,sensitivity,specificity,precision,f1,mcc,n_val
1,LogReg,hrv_reduced_interpretable,full_record,1800.0,False,0.8,0.0536,5,0.76,0.7,0.8,0.6,0.6666666666666666,0.7272727272727273,0.408248290463863,10
2,LogReg,hrv_reduced_interpretable,full_record,1800.0,False,0.6,0.0495,5,0.8,0.8,0.6,1.0,1.0,0.75,0.6546536707079772,10
3,LogReg,hrv_reduced_interpretable,full_record,1800.0,False,0.6,0.0039,5,0.64,0.5,0.2,0.8,0.5,0.2857142857142857,0.0,10
4,LogReg,hrv_reduced_interpretable,full_record,1800.0,False,1.0,0.0556,5,0.84,0.6,0.6,0.6,0.6,0.6,0.2,10
5,LogReg,hrv_reduced_interpretable,full_record,1800.0,False,0.6,0.0595,5,0.68,0.6,0.6,0.6,0.6,0.6,0.2,10
1,LogReg,hrv_reduced_interpretable_pruned,full_record,1800.0,True,0.8,0.0535,5,0.76,0.7,0.8,0.6,0.6666666666666666,0.7272727272727273,0.408248290463863,10
2,LogReg,hrv_reduced_interpretable_pruned,full_record,1800.0,True,0.6,0.0511,5,0.8,0.7,0.4,1.0,1.0,0.5714285714285714,0.5,10
3,LogReg,hrv_reduced_interpretable_pruned,full_record,1800.0,True,0.6,-0.007,5,0.64,0.5,0.2,0.8,0.5,0.2857142857142857,0.0,10
4,LogReg,hrv_reduced_interpretable_pruned,full_record,1800.0,True,1.0,0.0558,5,0.84,0.6,0.6,0.6,0.6,0.6,0.2,10
5,LogReg,hrv_reduced_interpretable_pruned,full_record,1800.0,True,0.6,0.0597,5,0.68,0.6,0.6,0.6,0.6,0.6,0.2,10
1,LogReg,B_SPC,full_record,1800.0,False,0.8,0.1181,5,0.6799999999999999,0.5,0.2,0.8,0.5,0.2857142857142857,0.0,10
2,LogReg,B_SPC,full_record,1800.0,False,0.8,0.4832,5,0.8800000000000001,0.9,1.0,0.8,0.8333333333333334,0.9090909090909091,0.816496580927726,10
3,LogReg,B_SPC,full_record,1800.0,False,1.0,0.4592,5,0.92,0.7,0.6,0.8,0.75,0.6666666666666666,0.408248290463863,10
4,LogReg,B_SPC,full_record,1800.0,False,0.6,0.1341,5,0.64,0.6,0.6,0.6,0.6,0.6,0.2,10
5,LogReg,B_SPC,full_record,1800.0,False,1.0,0.356,5,0.88,0.8,1.0,0.6,0.7142857142857143,0.8333333333333334,0.6546536707079772,10
1,LogReg,B_SPC_pruned,full_record,1800.0,True,0.8,0.1806,5,0.8,0.5,0.2,0.8,0.5,0.2857142857142857,0.0,10
2,LogReg,B_SPC_pruned,full_record,1800.0,True,0.8,0.4344,5,0.8400000000000001,0.8,0.8,0.8,0.8,0.8,0.6,10
3,LogReg,B_SPC_pruned,full_record,1800.0,True,1.0,0.3081,5,0.8400000000000001,0.7,0.6,0.8,0.75,0.6666666666666666,0.408248290463863,10
4,LogReg,B_SPC_pruned,full_record,1800.0,True,0.8,0.1419,5,0.6000000000000001,0.6,0.6,0.6,0.6,0.6,0.2,10
5,LogReg,B_SPC_pruned,full_record,1800.0,True,1.0,0.2882,5,0.84,0.7,1.0,0.4,0.625,0.7692307692307693,0.5,10
1,LogReg,C_HRV_SPC,full_record,1800.0,False,0.8,0.1217,5,0.6799999999999999,0.5,0.2,0.8,0.5,0.2857142857142857,0.0,10
2,LogReg,C_HRV_SPC,full_record,1800.0,False,0.8,0.4946,5,0.92,0.9,1.0,0.8,0.8333333333333334,0.9090909090909091,0.816496580927726,10
3,LogReg,C_HRV_SPC,full_record,1800.0,False,1.0,0.3919,5,0.8400000000000001,0.7,0.6,0.8,0.75,0.6666666666666666,0.408248290463863,10
4,LogReg,C_HRV_SPC,full_record,1800.0,False,0.6,0.1399,5,0.64,0.6,0.6,0.6,0.6,0.6,0.2,10
5,LogReg,C_HRV_SPC,full_record,1800.0,False,1.0,0.3481,5,0.88,0.7,1.0,0.4,0.625,0.7692307692307693,0.5,10
1,LogReg,C_HRV_SPC_pruned,full_record,1800.0,True,0.8,0.1829,5,0.8,0.5,0.2,0.8,0.5,0.2857142857142857,0.0,10
2,LogReg,C_HRV_SPC_pruned,full_record,1800.0,True,0.8,0.4273,5,0.8,0.8,0.8,0.8,0.8,0.8,0.6,10
3,LogReg,C_HRV_SPC_pruned,full_record,1800.0,True,0.8,0.3091,5,0.8,0.7,0.6,0.8,0.75,0.6666666666666666,0.408248290463863,10
4,LogReg,C_HRV_SPC_pruned,full_record,1800.0,True,0.8,0.1291,5,0.6000000000000001,0.6,0.6,0.6,0.6,0.6,0.2,10
5,LogReg,C_HRV_SPC_pruned,full_record,1800.0,True,1.0,0.2755,5,0.8,0.6,1.0,0.2,0.5555555555555556,0.7142857142857143,0.3333333333333333,10
1,LogReg,D_HRV_SPC_Poincare,full_record,1800.0,False,0.8,0.1193,5,0.7200000000000001,0.5,0.2,0.8,0.5,0.2857142857142857,0.0,10
2,LogReg,D_HRV_SPC_Poincare,full_record,1800.0,False,0.8,0.5358,5,0.92,0.9,1.0,0.8,0.8333333333333334,0.9090909090909091,0.816496580927726,10
3,LogReg,D_HRV_SPC_Poincare,full_record,1800.0,False,1.0,0.4016,5,0.8400000000000001,0.7,0.6,0.8,0.75,0.6666666666666666,0.408248290463863,10
4,LogReg,D_HRV_SPC_Poincare,full_record,1800.0,False,0.6,0.1421,5,0.6000000000000001,0.6,0.6,0.6,0.6,0.6,0.2,10
5,LogReg,D_HRV_SPC_Poincare,full_record,1800.0,False,1.0,0.3775,5,0.92,0.7,1.0,0.4,0.625,0.7692307692307693,0.5,10
1,LogReg,D_HRV_SPC_Poincare_pruned,full_record,1800.0,True,0.8,0.1598,5,0.76,0.5,0.2,0.8,0.5,0.2857142857142857,0.0,10
2,LogReg,D_HRV_SPC_Poincare_pruned,full_record,1800.0,True,1.0,0.4549,5,0.88,0.7,0.8,0.6,0.6666666666666666,0.7272727272727273,0.408248290463863,10
3,LogReg,D_HRV_SPC_Poincare_pruned,full_record,1800.0,True,0.8,0.3315,5,0.8,0.7,0.6,0.8,0.75,0.6666666666666666,0.408248290463863,10
4,LogReg,D_HRV_SPC_Poincare_pruned,full_record,1800.0,True,0.6,0.1328,5,0.6,0.6,0.6,0.6,0.6,0.6,0.2,10
5,LogReg,D_HRV_SPC_Poincare_pruned,full_record,1800.0,True,1.0,0.2964,5,0.8400000000000001,0.6,1.0,0.2,0.5555555555555556,0.7142857142857143,0.3333333333333333,10
