window_type,window_size,feature_block,model,auc_mean,auc_std,ci_low,ci_high,f1_mean,sensitivity,specificity,mcc_mean,pairwise_concordance
full_record,1800.0,A_HRV,LogReg,0.656,0.1061,,,0.4662,0.44,0.68,,
full_record,1800.0,A_HRV,RandomForest,0.648,0.1742,,,0.542,0.56,0.56,,
full_record,1800.0,B_SPC,LogReg,0.664,0.1612,0.6937,0.8628,0.5416,0.52,0.76,,0.84
full_record,1800.0,B_SPC,RandomForest,0.712,0.1608,0.6937,0.8628,0.7018,0.68,0.76,,0.84
full_record,1800.0,C_HRV_SPC,LogReg,0.688,0.125,0.6869,0.8605,0.5223,0.52,0.68,,0.84
full_record,1800.0,C_HRV_SPC,RandomForest,0.752,0.0854,0.6869,0.8605,0.6256,0.64,0.72,,0.84
full_record,1800.0,D_HRV_SPC_Poincare,LogReg,0.704,0.1305,0.6949,0.8677,0.5344,0.52,0.72,,0.84
full_record,1800.0,D_HRV_SPC_Poincare,RandomForest,0.76,0.0759,0.6949,0.8677,0.6856,0.72,0.72,,0.84
full_record,1800.0,E_HRV_SPC_Poincare_Ectopy,LogReg,0.712,0.1197,,,0.5344,0.52,0.72,,
full_record,1800.0,E_HRV_SPC_Poincare_Ectopy,RandomForest,0.752,0.0891,,,0.6707,0.68,0.72,,
rr_count,50.0,A_HRV,LogReg,0.464,0.0862,,,0.4633,0.48,0.48,,
rr_count,50.0,A_HRV,RandomForest,0.512,0.1705,,,0.4669,0.44,0.56,,
rr_count,50.0,B_SPC,LogReg,0.616,0.2126,0.6937,0.8628,0.4176,0.36,0.8,,
rr_count,50.0,B_SPC,RandomForest,0.744,0.1488,0.6937,0.8628,0.6574,0.64,0.72,,
rr_count,50.0,C_HRV_SPC,LogReg,0.672,0.1114,0.6869,0.8605,0.4862,0.48,0.76,,
rr_count,50.0,C_HRV_SPC,RandomForest,0.72,0.1265,0.6869,0.8605,0.6707,0.68,0.72,,
rr_count,50.0,D_HRV_SPC_Poincare,LogReg,0.688,0.117,0.6949,0.8677,0.4959,0.52,0.72,,
rr_count,50.0,D_HRV_SPC_Poincare,RandomForest,0.736,0.1091,0.6949,0.8677,0.6036,0.64,0.64,,
rr_count,50.0,E_HRV_SPC_Poincare_Ectopy,LogReg,0.64,0.1539,,,0.5323,0.56,0.72,,
rr_count,50.0,E_HRV_SPC_Poincare_Ectopy,RandomForest,0.72,0.1315,,,0.6295,0.64,0.64,,
rr_count,100.0,A_HRV,LogReg,0.408,0.0466,,,0.3578,0.32,0.56,,
rr_count,100.0,A_HRV,RandomForest,0.552,0.1418,,,0.5446,0.6,0.44,,
rr_count,100.0,B_SPC,LogReg,0.76,0.1431,0.6937,0.8628,0.6356,0.64,0.68,,
rr_count,100.0,B_SPC,RandomForest,0.8,0.1659,0.6937,0.8628,0.6929,0.68,0.76,,
rr_count,100.0,C_HRV_SPC,LogReg,0.768,0.1526,0.6869,0.8605,0.7024,0.72,0.68,,
rr_count,100.0,C_HRV_SPC,RandomForest,0.776,0.1727,0.6869,0.8605,0.6859,0.68,0.76,,
rr_count,100.0,D_HRV_SPC_Poincare,LogReg,0.768,0.1395,0.6949,0.8677,0.6107,0.6,0.72,,
rr_count,100.0,D_HRV_SPC_Poincare,RandomForest,0.792,0.1418,0.6949,0.8677,0.717,0.72,0.76,,
rr_count,100.0,E_HRV_SPC_Poincare_Ectopy,LogReg,0.736,0.1632,,,0.5626,0.6,0.64,,
rr_count,100.0,E_HRV_SPC_Poincare_Ectopy,RandomForest,0.792,0.1588,,,0.6725,0.68,0.72,,
rr_count,128.0,A_HRV,LogReg,0.424,0.0697,,,0.26,0.24,0.52,,
rr_count,128.0,A_HRV,RandomForest,0.576,0.1488,,,0.5445,0.6,0.44,,
rr_count,128.0,B_SPC,LogReg,0.648,0.1917,0.6937,0.8628,0.6691,0.68,0.64,,
rr_count,128.0,B_SPC,RandomForest,0.768,0.19,0.6937,0.8628,0.6796,0.64,0.8,,
rr_count,128.0,C_HRV_SPC,LogReg,0.664,0.1835,0.6869,0.8605,0.51,0.52,0.64,,
rr_count,128.0,C_HRV_SPC,RandomForest,0.776,0.1422,0.6869,0.8605,0.6707,0.68,0.72,,
rr_count,128.0,D_HRV_SPC_Poincare,LogReg,0.664,0.1612,0.6949,0.8677,0.5771,0.6,0.64,,
rr_count,128.0,D_HRV_SPC_Poincare,RandomForest,0.728,0.1778,0.6949,0.8677,0.6525,0.64,0.76,,
rr_count,128.0,E_HRV_SPC_Poincare_Ectopy,LogReg,0.672,0.1395,,,0.5091,0.56,0.6,,
rr_count,128.0,E_HRV_SPC_Poincare_Ectopy,RandomForest,0.736,0.1353,,,0.6374,0.64,0.72,,
rr_count,200.0,A_HRV,LogReg,0.448,0.0733,,,0.3813,0.36,0.52,,
rr_count,200.0,A_HRV,RandomForest,0.608,0.0854,,,0.5988,0.64,0.52,,
rr_count,200.0,B_SPC,LogReg,0.688,0.1705,0.6937,0.8628,0.6244,0.56,0.76,,
rr_count,200.0,B_SPC,RandomForest,0.752,0.1742,0.6937,0.8628,0.619,0.6,0.76,,
rr_count,200.0,C_HRV_SPC,LogReg,0.696,0.18,0.6869,0.8605,0.6078,0.6,0.72,,
rr_count,200.0,C_HRV_SPC,RandomForest,0.736,0.1869,0.6869,0.8605,0.6685,0.68,0.72,,
rr_count,200.0,D_HRV_SPC_Poincare,LogReg,0.72,0.1893,0.6949,0.8677,0.5762,0.6,0.72,,
rr_count,200.0,D_HRV_SPC_Poincare,RandomForest,0.728,0.1462,0.6949,0.8677,0.6456,0.68,0.68,,
rr_count,200.0,E_HRV_SPC_Poincare_Ectopy,LogReg,0.688,0.1462,,,0.5616,0.6,0.68,,
rr_count,200.0,E_HRV_SPC_Poincare_Ectopy,RandomForest,0.704,0.1764,,,0.6256,0.64,0.72,,
time,300.0,A_HRV,LogReg,0.472,0.0588,,,0.4267,0.4,0.52,,
time,300.0,A_HRV,RandomForest,0.592,0.0816,,,0.5716,0.6,0.56,,
time,300.0,B_SPC,LogReg,0.648,0.1505,0.6937,0.8628,0.6406,0.64,0.68,,
time,300.0,B_SPC,RandomForest,0.752,0.1917,0.6937,0.8628,0.7352,0.72,0.8,,
time,300.0,C_HRV_SPC,LogReg,0.64,0.1409,0.6869,0.8605,0.6131,0.64,0.6,,
time,300.0,C_HRV_SPC,RandomForest,0.736,0.153,0.6869,0.8605,0.6579,0.68,0.68,,
time,300.0,D_HRV_SPC_Poincare,LogReg,0.664,0.1255,0.6949,0.8677,0.6253,0.64,0.64,,
time,300.0,D_HRV_SPC_Poincare,RandomForest,0.744,0.1255,0.6949,0.8677,0.6374,0.64,0.72,,
time,300.0,E_HRV_SPC_Poincare_Ectopy,LogReg,0.656,0.1353,,,0.6253,0.64,0.64,,
time,300.0,E_HRV_SPC_Poincare_Ectopy,RandomForest,0.744,0.1444,,,0.7018,0.72,0.72,,
