feature,n_pairs,median_delta,iqr_delta,q25_delta,q75_delta,pct_pairs_delta_positive,pct_pairs_delta_negative,wilcoxon_stat,wilcoxon_p,rank_biserial_r,direction_consistent
mr_mad,25,0.0,0.0,0.0,0.0,0.24,0.04,2.0,0.03959,0.857,False
n_runs_rule_violations,25,0.0,1.0,0.0,1.0,0.28,0.04,3.5,0.03347,0.806,False
shewhart_out_rate,25,0.0482,0.1339,0.0022,0.1361,0.84,0.16,41.0,0.00108,0.748,True
shewhart_out_count,25,93.0,328.0,3.0,331.0,0.8,0.2,43.0,0.0013,0.735,True
mr_median,25,0.0,7.8125,0.0,7.8125,0.36,0.12,12.0,0.03031,0.692,False
rmssd,25,35.5786,88.171,1.8718,90.0427,0.76,0.24,59.0,0.00418,0.637,True
sd1,25,25.1578,62.3463,1.3235,63.6698,0.76,0.24,59.0,0.00418,0.637,True
cv_rr,25,0.0222,0.0598,-0.0006,0.0592,0.72,0.28,63.0,0.00613,0.612,True
sd2,25,10.5535,44.9568,-6.0815,38.8753,0.68,0.32,71.0,0.01247,0.563,True
sd1_sd2_ratio,25,0.2249,0.4891,-0.0712,0.4179,0.64,0.36,75.0,0.01731,0.538,True
mr_max,25,187.5,812.5,-31.25,781.25,0.64,0.36,77.0,0.02141,0.526,True
mr_mean,25,11.2462,57.3361,1.4108,58.7469,0.76,0.24,77.0,0.02027,0.526,True
ewma_max_abs,25,2.8276,16.4328,-0.5631,15.8697,0.68,0.32,80.0,0.02551,0.508,True
shewhart_max_abs_z,25,4.5856,49.9371,-1.7166,48.2205,0.64,0.36,87.0,0.04215,0.465,True
cusum_abs_max,25,173.4909,541.7006,-35.634,506.0666,0.6,0.4,87.0,0.04215,0.465,True
cusum_neg_max,25,89.3286,512.9012,-10.6328,502.2685,0.64,0.36,88.0,0.04512,0.458,True
cusum_last_neg,25,4.8047,438.8433,0.0,438.8433,0.56,0.24,58.0,0.07932,0.448,False
ewma_first_alarm_time_sec,24,-19.3398,84.3906,-77.418,6.9727,0.333,0.667,85.0,0.06465,-0.433,False
mr_out_count,25,31.0,127.0,-11.0,116.0,0.68,0.32,92.5,0.0596,0.431,True
cusum_alarm_density,25,0.0983,0.5393,-0.0469,0.4924,0.6,0.4,94.0,0.0653,0.422,True
cusum_alarm_count,25,79.0,1393.0,-111.0,1282.0,0.64,0.36,94.0,0.0653,0.422,True
cusum_time_in_alarm,25,176.7788,970.5061,-84.4041,886.102,0.6,0.4,95.0,0.06932,0.415,True
ewma_alarm_count,25,94.0,755.0,-43.0,712.0,0.6,0.4,105.0,0.12665,0.354,True
shewhart_first_alarm_pos,25,-59.0,289.0,-223.0,66.0,0.4,0.6,113.0,0.19081,-0.305,False
shewhart_first_alarm_time_sec,24,-49.3164,221.498,-159.752,61.7461,0.417,0.583,110.0,0.26434,-0.267,False
cusum_last_pos,25,0.0,93.9052,-7.4706,86.4346,0.48,0.36,87.0,0.32188,0.247,False
ewma_last,25,-0.2287,2.7924,-1.7288,1.0636,0.44,0.56,134.0,0.45785,-0.175,False
trend_run_down_max,25,0.0,2.0,-1.0,1.0,0.4,0.32,72.0,0.54486,0.158,False
longest_run_below_median,25,-10.0,51.0,-30.0,21.0,0.48,0.52,137.0,0.49259,-0.157,False
cusum_pos_max,25,2.3316,323.0236,-84.0441,238.9794,0.52,0.48,139.0,0.5424,0.145,False
longest_run_above_median,25,1.0,80.0,-15.0,65.0,0.52,0.48,141.0,0.56279,0.132,False
ewma_slope,25,-0.0001,0.0021,-0.0014,0.0008,0.44,0.56,143.0,0.61504,-0.12,False
cusum_first_alarm_pos,25,-40.0,457.0,-159.0,298.0,0.4,0.6,157.5,0.89298,-0.031,False
trend_run_up_max,25,0.0,2.0,-1.0,1.0,0.36,0.28,66.5,0.93637,0.022,False
cusum_first_alarm_time_sec,24,-17.6055,335.2012,-120.2266,214.9746,0.458,0.542,147.0,0.94411,0.02,False
